{
  "version": "1.1.0",
  "name": "Hell NoteStyle",
  "author": "",
  "fallback": "funkin",
  "assets": {
    "note": {
	 "animated": true,
      "assetPath": "shared:notes/NOTE_fire",
      "scale": 0.7,
      "data": {
        "left": { "prefix": "purple fire" },
        "down": { "prefix": "blue fire" },
        "up": { "prefix": "green fire" },
        "right": { "prefix": "red fire" }
      }
    },
    "noteStrumline": {
      "assetPath": "shared:noteStrumline",
      "scale": 0.7,
      "offsets": [0, 0],
      "data": {
        "leftStatic": { "prefix": "staticLeft0" },
        "leftPress": { "prefix": "pressLeft0" },
        "leftConfirm": { "prefix": "confirmLeft0" },
        "leftConfirmHold": { "prefix": "confirmLeft0" },
        "downStatic": { "prefix": "staticDown0" },
        "downPress": { "prefix": "pressDown0" },
        "downConfirm": { "prefix": "confirmDown0" },
        "downConfirmHold": { "prefix": "confirmDown0" },
        "upStatic": { "prefix": "staticUp0" },
        "upPress": { "prefix": "pressUp0" },
        "upConfirm": { "prefix": "confirmUp0" },
        "upConfirmHold": { "prefix": "confirmUp0" },
        "rightStatic": { "prefix": "staticRight0" },
        "rightPress": { "prefix": "pressRight0" },
        "rightConfirm": { "prefix": "confirmRight0" },
        "rightConfirmHold": { "prefix": "confirmRight0" }
      }
    },
    "holdNote": {
      "assetPath": "NOTE_hold_assets",
      "scale": 0.7,
      "data": {}
    },
    "noteSplash": {
      "assetPath": "shared:notes/SmokeSplash",
      "alpha": 1,
	 "scale": 0.6,
	 "offsets": [-27.5, -75],
      "data": {
        "enabled": true,
        "leftSplashes": [
          { "prefix": "smoke" },
          { "prefix": "smoke" }
        ],
        "rightSplashes": [
          { "prefix": "smoke" },
          { "prefix": "smoke" }
        ],
        "upSplashes": [
          { "prefix": "smoke" },
          { "prefix": "smoke" }
        ],
        "downSplashes": [
          { "prefix": "smoke" },
          { "prefix": "smoke" }
        ]
      }
    },
    "holdNoteCover": {
      "assetPath": "",
      "offsets": [0, 0],
      "data": {
        "enabled": false
      }
    },
    "countdownThree": {
      "data": {
        "audioPath": "shared:gameplay/countdown/funkin/introTHREE"
      },
      "assetPath": null
    },
    "countdownTwo": {
      "data": {
        "audioPath": "shared:gameplay/countdown/funkin/introTWO"
      },
      "assetPath": "shared:ui/countdown/funkin/ready",
      "scale": 1.0,
      "isPixel": false
    },
    "countdownOne": {
      "data": {
        "audioPath": "shared:gameplay/countdown/funkin/introONE"
      },
      "assetPath": "shared:ui/countdown/funkin/set",
      "scale": 1.0,
      "isPixel": false
    },
    "countdownGo": {
      "data": {
        "audioPath": "shared:gameplay/countdown/funkin/introGO"
      },
      "assetPath": "shared:ui/countdown/funkin/go",
      "scale": 1.0,
      "isPixel": false
    },
    "judgementSick": {
      "assetPath": "default:ui/popup/funkin/sick",
      "scale": 0.65,
      "isPixel": false
    },
    "judgementGood": {
      "assetPath": "default:ui/popup/funkin/good",
      "scale": 0.65,
      "isPixel": false
    },
    "judgementBad": {
      "assetPath": "default:ui/popup/funkin/bad",
      "scale": 0.65,
      "isPixel": false
    },
    "judgementShit": {
      "assetPath": "default:ui/popup/funkin/shit",
      "scale": 0.65,
      "isPixel": false
    },
    "comboNumber0": {
      "assetPath": "default:ui/popup/funkin/num0",
      "isPixel": false,
      "scale": 0.45
    },
    "comboNumber1": {
      "assetPath": "default:ui/popup/funkin/num1",
      "isPixel": false,
      "scale": 0.45
    },
    "comboNumber2": {
      "assetPath": "default:ui/popup/funkin/num2",
      "isPixel": false,
      "scale": 0.45
    },
    "comboNumber3": {
      "assetPath": "default:ui/popup/funkin/num3",
      "isPixel": false,
      "scale": 0.45
    },
    "comboNumber4": {
      "assetPath": "default:ui/popup/funkin/num4",
      "isPixel": false,
      "scale": 0.45
    },
    "comboNumber5": {
      "assetPath": "default:ui/popup/funkin/num5",
      "isPixel": false,
      "scale": 0.45
    },
    "comboNumber6": {
      "assetPath": "default:ui/popup/funkin/num6",
      "isPixel": false,
      "scale": 0.45
    },
    "comboNumber7": {
      "assetPath": "default:ui/popup/funkin/num7",
      "isPixel": false,
      "scale": 0.45
    },
    "comboNumber8": {
      "assetPath": "default:ui/popup/funkin/num8",
      "isPixel": false,
      "scale": 0.45
    },
    "comboNumber9": {
      "assetPath": "default:ui/popup/funkin/num9",
      "isPixel": false,
      "scale": 0.45
    }
  }
}
