{
	"version": "1.0.0",
	"name": "Boyfriend (Hellclown)",
	"renderType": "multisparrow",
	"assetPath": "characters/BF_3rd_phase",
	"healthIcon": {
		"id": "bf"
	},
	"singTime": 8,
	"flipX": true,
	"animations": [
		{
			"name": "idle",
			"prefix": "BF idle dance",
			"offsets": [-5, 0]
		},
		{
			"name": "singLEFT",
			"prefix": "BF NOTE LEFT0",
			"offsets": [12, -6]
		},
		{
			"name": "singDOWN",
			"prefix": "BF NOTE DOWN0",
			"offsets": [-10, -50]
		},
		{
			"name": "singUP",
			"prefix": "BF NOTE UP0",
			"offsets": [-29, 27]
		},
		{
			"name": "singRIGHT",
			"prefix": "BF NOTE RIGHT0",
			"offsets": [-38, -7]
		},
		{
			"name": "singLEFTmiss",
			"prefix": "BF NOTE LEFT MISS",
			"offsets": [12, 24]
		},
		{
			"name": "singDOWNmiss",
			"prefix": "BF NOTE DOWN MISS",
			"offsets": [-11, -19]
		},
		{
			"name": "singUPmiss",
			"prefix": "BF NOTE UP MISS",
			"offsets": [-29, 27]
		},
		{
			"name": "singRIGHTmiss",
			"prefix": "BF NOTE RIGHT MISS",
			"offsets": [-30, 21]
		},
		{
			"name": "firstDeath",
			"assetPath": "characters/signDeath",
			"prefix": "BF dies",
			"offsets": [429, 46]
		},
		{
			"name": "deathLoop",
			"assetPath": "characters/signDeath",
			"prefix": "BF Dead Loop",
			"offsets": [168, 46]
		},
		{
			"name": "deathConfirm",
			"assetPath": "characters/signDeath",
			"prefix": "BF Dead confirm",
			"offsets": [167, 93]
		}
	]
}