{
	"version": "1.0.0",
	"name": "Girlfriend (Hellclown)",
	"renderType": "multisparrow",
	"assetPath": "characters/gf_phase_3",
	"healthIcon": {
		"id": "gf"
	},
	"startingAnimation": "danceRight",
	"animations": [
		{
			"name": "danceLeft",
			"prefix": "GF Dancing Beat",
			"offsets": [0, -9],
			"frameIndices": [30, 0, 1, 2, 3, 4, 5, 6, 7, 8, 9, 10, 11, 12, 13, 14]
		},
		{
			"name": "danceRight",
			"prefix": "GF Dancing Beat",
			"offsets": [0, -9],
			"frameIndices": [15, 16, 17, 18, 19, 20, 21, 22, 23, 24, 25, 26, 27, 28, 29]
		},
		{
			"name": "cheer",
			"prefix": "GF Cheer"
		},
		{
			"name": "sad",
			"prefix": "gf sad",
			"offsets": [-2, -2]
		},
		{
			"name": "scared",
			"prefix": "GF FEAR",
			"offsets": [-2, -17]
		}
	]
}