﻿<?xml version="1.0" encoding="utf-8"?>
<TextureAtlas imagePath="Sign_Post_Mechanic.png">
	<!-- Created with Adobe Animate version 21.0.3.38773 -->
	<!-- http://www.adobe.com/products/animate.html -->
	<SubTexture name="Signature Stop Sign 10000" x="5" y="5" width="270" height="761" frameX="-649" frameY="-522" frameWidth="1477" frameHeight="1318"/>
	<SubTexture name="Signature Stop Sign 10001" x="5" y="5" width="270" height="761" frameX="-649" frameY="-522" frameWidth="1477" frameHeight="1318"/>
	<SubTexture name="Signature Stop Sign 10002" x="285" y="5" width="269" height="761" frameX="-656" frameY="-514" frameWidth="1477" frameHeight="1318"/>
	<SubTexture name="Signature Stop Sign 10003" x="564" y="5" width="269" height="761" frameX="-656" frameY="-503" frameWidth="1477" frameHeight="1318"/>
	<SubTexture name="Signature Stop Sign 10004" x="5" y="5" width="270" height="761" frameX="-654" frameY="-488" frameWidth="1477" frameHeight="1318"/>
	<SubTexture name="Signature Stop Sign 10005" x="564" y="5" width="269" height="761" frameX="-656" frameY="-477" frameWidth="1477" frameHeight="1318"/>
	<SubTexture name="Signature Stop Sign 10006" x="564" y="5" width="269" height="761" frameX="-656" frameY="-459" frameWidth="1477" frameHeight="1318"/>
	<SubTexture name="Signature Stop Sign 10007" x="564" y="5" width="269" height="761" frameX="-651" frameY="-259" frameWidth="1477" frameHeight="1318"/>
	<SubTexture name="Signature Stop Sign 10008" x="843" y="5" width="266" height="805" frameX="-684" frameY="-62" frameWidth="1477" frameHeight="1318"/>
	<SubTexture name="Signature Stop Sign 10009" x="1119" y="5" width="266" height="783" frameX="-692" frameY="-81" frameWidth="1477" frameHeight="1318"/>
	<SubTexture name="Signature Stop Sign 10010" x="1395" y="5" width="265" height="740" frameX="-696" frameY="-119" frameWidth="1477" frameHeight="1318"/>
	<SubTexture name="Signature Stop Sign 10011" x="1670" y="5" width="265" height="753" frameX="-699" frameY="-101" frameWidth="1477" frameHeight="1318"/>
	<SubTexture name="Signature Stop Sign 10012" x="1945" y="5" width="265" height="762" frameX="-691" frameY="-87" frameWidth="1477" frameHeight="1318"/>
	<SubTexture name="Signature Stop Sign 10013" x="1945" y="5" width="265" height="762" frameX="-682" frameY="-87" frameWidth="1477" frameHeight="1318"/>
	<SubTexture name="Signature Stop Sign 10014" x="2220" y="5" width="265" height="762" frameX="-669" frameY="-84" frameWidth="1477" frameHeight="1318"/>
	<SubTexture name="Signature Stop Sign 10015" x="2495" y="5" width="266" height="762" frameX="-629" frameY="-74" frameWidth="1477" frameHeight="1318"/>
	<SubTexture name="Signature Stop Sign 10016" x="2220" y="5" width="265" height="762" frameX="-567" frameY="-65" frameWidth="1477" frameHeight="1318"/>
	<SubTexture name="Signature Stop Sign 10017" x="2771" y="5" width="265" height="762" frameX="-511" frameY="-49" frameWidth="1477" frameHeight="1318"/>
	<SubTexture name="Signature Stop Sign 10018" x="2495" y="5" width="266" height="762" frameX="-475" frameY="-62" frameWidth="1477" frameHeight="1318"/>
	<SubTexture name="Signature Stop Sign 10019" x="2495" y="5" width="266" height="762" frameX="-468" frameY="-68" frameWidth="1477" frameHeight="1318"/>
	<SubTexture name="Signature Stop Sign 10020" x="3046" y="5" width="262" height="761" frameX="-454" frameY="-70" frameWidth="1477" frameHeight="1318"/>
	<SubTexture name="Signature Stop Sign 10021" x="3318" y="5" width="262" height="762" frameX="-448" frameY="-79" frameWidth="1477" frameHeight="1318"/>
	<SubTexture name="Signature Stop Sign 10022" x="3590" y="5" width="265" height="762" frameX="-437" frameY="-85" frameWidth="1477" frameHeight="1318"/>
	<SubTexture name="Signature Stop Sign 10023" x="3865" y="5" width="269" height="762" frameX="-426" frameY="-84" frameWidth="1477" frameHeight="1318"/>
	<SubTexture name="Signature Stop Sign 10024" x="4144" y="5" width="267" height="761" frameX="-418" frameY="-89" frameWidth="1477" frameHeight="1318"/>
	<SubTexture name="Signature Stop Sign 10025" x="4421" y="5" width="272" height="760" frameX="-402" frameY="-99" frameWidth="1477" frameHeight="1318"/>
	<SubTexture name="Signature Stop Sign 10026" x="4703" y="5" width="273" height="758" frameX="-398" frameY="-101" frameWidth="1477" frameHeight="1318"/>
	<SubTexture name="Signature Stop Sign 10027" x="4986" y="5" width="272" height="759" frameX="-398" frameY="-95" frameWidth="1477" frameHeight="1318"/>
	<SubTexture name="Signature Stop Sign 10028" x="5268" y="5" width="344" height="740" frameX="-363" frameY="-91" frameWidth="1477" frameHeight="1318"/>
	<SubTexture name="Signature Stop Sign 10029" x="5622" y="5" width="344" height="740" frameX="-349" frameY="-88" frameWidth="1477" frameHeight="1318"/>
	<SubTexture name="Signature Stop Sign 10030" x="5976" y="5" width="377" height="729" frameX="-324" frameY="-81" frameWidth="1477" frameHeight="1318"/>
	<SubTexture name="Signature Stop Sign 10031" x="5976" y="5" width="377" height="729" frameX="-292" frameY="-67" frameWidth="1477" frameHeight="1318"/>
	<SubTexture name="Signature Stop Sign 10032" x="5976" y="5" width="377" height="729" frameX="-255" frameY="-54" frameWidth="1477" frameHeight="1318"/>
	<SubTexture name="Signature Stop Sign 10033" x="6363" y="5" width="430" height="705" frameX="-205" frameY="-49" frameWidth="1477" frameHeight="1318"/>
	<SubTexture name="Signature Stop Sign 10034" x="6803" y="5" width="429" height="705" frameX="-170" frameY="-36" frameWidth="1477" frameHeight="1318"/>
	<SubTexture name="Signature Stop Sign 10035" x="6363" y="5" width="430" height="705" frameX="-130" frameY="-26" frameWidth="1477" frameHeight="1318"/>
	<SubTexture name="Signature Stop Sign 10036" x="7242" y="5" width="430" height="705" frameX="-88" frameY="-14" frameWidth="1477" frameHeight="1318"/>
	<SubTexture name="Signature Stop Sign 10037" x="7682" y="5" width="441" height="698" frameX="-61" frameY="-8" frameWidth="1477" frameHeight="1318"/>
	<SubTexture name="Signature Stop Sign 10038" x="5" y="820" width="450" height="693" frameX="-20" frameY="0" frameWidth="1477" frameHeight="1318"/>
	<SubTexture name="Signature Stop Sign 10039" x="5" y="820" width="450" height="693" frameX="-10" frameY="0" frameWidth="1477" frameHeight="1318"/>
	<SubTexture name="Signature Stop Sign 10040" x="5" y="820" width="450" height="693" frameX="-4" frameY="-4" frameWidth="1477" frameHeight="1318"/>
	<SubTexture name="Signature Stop Sign 10041" x="465" y="820" width="450" height="693" frameX="-1" frameY="-8" frameWidth="1477" frameHeight="1318"/>
	<SubTexture name="Signature Stop Sign 10042" x="925" y="820" width="450" height="693" frameX="0" frameY="-10" frameWidth="1477" frameHeight="1318"/>
	<SubTexture name="Signature Stop Sign 10043" x="1385" y="820" width="431" height="703" frameX="-17" frameY="-10" frameWidth="1477" frameHeight="1318"/>
	<SubTexture name="Signature Stop Sign 10044" x="1826" y="820" width="408" height="716" frameX="-49" frameY="-16" frameWidth="1477" frameHeight="1318"/>
	<SubTexture name="Signature Stop Sign 10045" x="2244" y="820" width="376" height="729" frameX="-121" frameY="-36" frameWidth="1477" frameHeight="1318"/>
	<SubTexture name="Signature Stop Sign 10046" x="2630" y="820" width="373" height="762" frameX="-319" frameY="-83" frameWidth="1477" frameHeight="1318"/>
	<SubTexture name="Signature Stop Sign 10047" x="3013" y="820" width="590" height="694" frameX="-595" frameY="-254" frameWidth="1477" frameHeight="1318"/>
	<SubTexture name="Signature Stop Sign 10048" x="3013" y="820" width="590" height="694" frameX="-886" frameY="-624" frameWidth="1477" frameHeight="1318"/>
	<SubTexture name="Signature Stop Sign 10049" x="3013" y="820" width="590" height="694" frameX="-886" frameY="-624" frameWidth="1477" frameHeight="1318"/>
	<SubTexture name="Signature Stop Sign 10050" x="3013" y="820" width="590" height="694" frameX="-886" frameY="-624" frameWidth="1477" frameHeight="1318"/>
	<SubTexture name="Signature Stop Sign 20000" x="5" y="5" width="270" height="761" frameX="-1339" frameY="-101" frameWidth="1477" frameHeight="1318"/>
	<SubTexture name="Signature Stop Sign 20001" x="3613" y="820" width="366" height="766" frameX="-748" frameY="-104" frameWidth="1930" frameHeight="987"/>
	<SubTexture name="Signature Stop Sign 20002" x="3989" y="820" width="561" height="701" frameX="-23" frameY="-256" frameWidth="1930" frameHeight="987"/>
	<SubTexture name="Signature Stop Sign 20003" x="4560" y="820" width="499" height="624" frameX="-23" frameY="-363" frameWidth="1930" frameHeight="987"/>
	<SubTexture name="Signature Stop Sign 20004" x="5069" y="820" width="579" height="577" frameX="-29" frameY="-365" frameWidth="1930" frameHeight="987"/>
	<SubTexture name="Signature Stop Sign 20005" x="5658" y="820" width="607" height="558" frameX="-4" frameY="-389" frameWidth="1930" frameHeight="987"/>
	<SubTexture name="Signature Stop Sign 20006" x="5658" y="820" width="607" height="558" frameX="-2" frameY="-396" frameWidth="1930" frameHeight="987"/>
	<SubTexture name="Signature Stop Sign 20007" x="6275" y="820" width="607" height="557" frameX="-1" frameY="-402" frameWidth="1930" frameHeight="987"/>
	<SubTexture name="Signature Stop Sign 20008" x="5658" y="820" width="607" height="558" frameX="0" frameY="-405" frameWidth="1930" frameHeight="987"/>
	<SubTexture name="Signature Stop Sign 20009" x="5658" y="820" width="607" height="558" frameX="0" frameY="-405" frameWidth="1930" frameHeight="987"/>
	<SubTexture name="Signature Stop Sign 20010" x="5658" y="820" width="607" height="558" frameX="-9" frameY="-387" frameWidth="1930" frameHeight="987"/>
	<SubTexture name="Signature Stop Sign 20011" x="6892" y="820" width="525" height="721" frameX="-402" frameY="-48" frameWidth="1930" frameHeight="987"/>
	<SubTexture name="Signature Stop Sign 20012" x="7427" y="820" width="179" height="761" frameX="-765" frameY="0" frameWidth="1930" frameHeight="987"/>
	<SubTexture name="Signature Stop Sign 20013" x="7616" y="820" width="236" height="762" frameX="-780" frameY="-11" frameWidth="1930" frameHeight="987"/>
	<SubTexture name="Signature Stop Sign 20014" x="5" y="1596" width="581" height="688" frameX="-101" frameY="-194" frameWidth="1930" frameHeight="987"/>
	<SubTexture name="Signature Stop Sign 20015" x="596" y="1596" width="521" height="606" frameX="-165" frameY="-267" frameWidth="1930" frameHeight="987"/>
	<SubTexture name="Signature Stop Sign 20016" x="1127" y="1596" width="575" height="581" frameX="-112" frameY="-309" frameWidth="1930" frameHeight="987"/>
	<SubTexture name="Signature Stop Sign 20017" x="6892" y="820" width="525" height="721" frameX="-402" frameY="-48" frameWidth="1930" frameHeight="987"/>
	<SubTexture name="Signature Stop Sign 20018" x="7427" y="820" width="179" height="761" frameX="-765" frameY="0" frameWidth="1930" frameHeight="987"/>
	<SubTexture name="Signature Stop Sign 20019" x="7616" y="820" width="236" height="762" frameX="-780" frameY="-11" frameWidth="1930" frameHeight="987"/>
	<SubTexture name="Signature Stop Sign 20020" x="5" y="1596" width="581" height="688" frameX="-101" frameY="-194" frameWidth="1930" frameHeight="987"/>
	<SubTexture name="Signature Stop Sign 20021" x="596" y="1596" width="521" height="606" frameX="-165" frameY="-267" frameWidth="1930" frameHeight="987"/>
	<SubTexture name="Signature Stop Sign 20022" x="1127" y="1596" width="575" height="581" frameX="-112" frameY="-309" frameWidth="1930" frameHeight="987"/>
	<SubTexture name="Signature Stop Sign 20023" x="6892" y="820" width="525" height="721" frameX="-402" frameY="-48" frameWidth="1930" frameHeight="987"/>
	<SubTexture name="Signature Stop Sign 20024" x="7427" y="820" width="179" height="761" frameX="-765" frameY="0" frameWidth="1930" frameHeight="987"/>
	<SubTexture name="Signature Stop Sign 20025" x="7616" y="820" width="236" height="762" frameX="-780" frameY="-11" frameWidth="1930" frameHeight="987"/>
	<SubTexture name="Signature Stop Sign 20026" x="5" y="1596" width="581" height="688" frameX="-101" frameY="-194" frameWidth="1930" frameHeight="987"/>
	<SubTexture name="Signature Stop Sign 20027" x="596" y="1596" width="521" height="606" frameX="-165" frameY="-267" frameWidth="1930" frameHeight="987"/>
	<SubTexture name="Signature Stop Sign 20028" x="1127" y="1596" width="575" height="581" frameX="-112" frameY="-309" frameWidth="1930" frameHeight="987"/>
	<SubTexture name="Signature Stop Sign 20029" x="6892" y="820" width="525" height="721" frameX="-402" frameY="-48" frameWidth="1930" frameHeight="987"/>
	<SubTexture name="Signature Stop Sign 20030" x="7427" y="820" width="179" height="761" frameX="-765" frameY="0" frameWidth="1930" frameHeight="987"/>
	<SubTexture name="Signature Stop Sign 20031" x="7616" y="820" width="236" height="762" frameX="-780" frameY="-11" frameWidth="1930" frameHeight="987"/>
	<SubTexture name="Signature Stop Sign 20032" x="5" y="1596" width="581" height="688" frameX="-101" frameY="-194" frameWidth="1930" frameHeight="987"/>
	<SubTexture name="Signature Stop Sign 20033" x="596" y="1596" width="521" height="606" frameX="-165" frameY="-267" frameWidth="1930" frameHeight="987"/>
	<SubTexture name="Signature Stop Sign 20034" x="1127" y="1596" width="575" height="581" frameX="-112" frameY="-309" frameWidth="1930" frameHeight="987"/>
	<SubTexture name="Signature Stop Sign 20035" x="6892" y="820" width="525" height="721" frameX="-402" frameY="-48" frameWidth="1930" frameHeight="987"/>
	<SubTexture name="Signature Stop Sign 20036" x="7427" y="820" width="179" height="761" frameX="-765" frameY="0" frameWidth="1930" frameHeight="987"/>
	<SubTexture name="Signature Stop Sign 20037" x="7616" y="820" width="236" height="762" frameX="-780" frameY="-11" frameWidth="1930" frameHeight="987"/>
	<SubTexture name="Signature Stop Sign 20038" x="5" y="1596" width="581" height="688" frameX="-101" frameY="-194" frameWidth="1930" frameHeight="987"/>
	<SubTexture name="Signature Stop Sign 20039" x="596" y="1596" width="521" height="606" frameX="-165" frameY="-267" frameWidth="1930" frameHeight="987"/>
	<SubTexture name="Signature Stop Sign 20040" x="1127" y="1596" width="575" height="581" frameX="-112" frameY="-309" frameWidth="1930" frameHeight="987"/>
	<SubTexture name="Signature Stop Sign 20041" x="6892" y="820" width="525" height="721" frameX="-402" frameY="-48" frameWidth="1930" frameHeight="987"/>
	<SubTexture name="Signature Stop Sign 20042" x="7427" y="820" width="179" height="761" frameX="-765" frameY="0" frameWidth="1930" frameHeight="987"/>
	<SubTexture name="Signature Stop Sign 20043" x="7616" y="820" width="236" height="762" frameX="-780" frameY="-11" frameWidth="1930" frameHeight="987"/>
	<SubTexture name="Signature Stop Sign 20044" x="5" y="1596" width="581" height="688" frameX="-101" frameY="-194" frameWidth="1930" frameHeight="987"/>
	<SubTexture name="Signature Stop Sign 20045" x="596" y="1596" width="521" height="606" frameX="-165" frameY="-267" frameWidth="1930" frameHeight="987"/>
	<SubTexture name="Signature Stop Sign 20046" x="1127" y="1596" width="575" height="581" frameX="-112" frameY="-309" frameWidth="1930" frameHeight="987"/>
	<SubTexture name="Signature Stop Sign 20047" x="6892" y="820" width="525" height="721" frameX="-402" frameY="-48" frameWidth="1930" frameHeight="987"/>
	<SubTexture name="Signature Stop Sign 20048" x="7427" y="820" width="179" height="761" frameX="-765" frameY="0" frameWidth="1930" frameHeight="987"/>
	<SubTexture name="Signature Stop Sign 20049" x="7616" y="820" width="236" height="762" frameX="-780" frameY="-11" frameWidth="1930" frameHeight="987"/>
	<SubTexture name="Signature Stop Sign 20050" x="5" y="1596" width="581" height="688" frameX="-101" frameY="-194" frameWidth="1930" frameHeight="987"/>
	<SubTexture name="Signature Stop Sign 20051" x="596" y="1596" width="521" height="606" frameX="-165" frameY="-267" frameWidth="1930" frameHeight="987"/>
	<SubTexture name="Signature Stop Sign 20052" x="1127" y="1596" width="575" height="581" frameX="-112" frameY="-309" frameWidth="1930" frameHeight="987"/>
	<SubTexture name="Signature Stop Sign 20053" x="6892" y="820" width="525" height="721" frameX="-402" frameY="-48" frameWidth="1930" frameHeight="987"/>
	<SubTexture name="Signature Stop Sign 20054" x="7427" y="820" width="179" height="761" frameX="-765" frameY="0" frameWidth="1930" frameHeight="987"/>
	<SubTexture name="Signature Stop Sign 20055" x="7616" y="820" width="236" height="762" frameX="-780" frameY="-11" frameWidth="1930" frameHeight="987"/>
	<SubTexture name="Signature Stop Sign 20056" x="5" y="1596" width="581" height="688" frameX="-101" frameY="-194" frameWidth="1930" frameHeight="987"/>
	<SubTexture name="Signature Stop Sign 20057" x="596" y="1596" width="521" height="606" frameX="-165" frameY="-267" frameWidth="1930" frameHeight="987"/>
	<SubTexture name="Signature Stop Sign 20058" x="1127" y="1596" width="575" height="581" frameX="-112" frameY="-309" frameWidth="1930" frameHeight="987"/>
	<SubTexture name="Signature Stop Sign 20059" x="6892" y="820" width="525" height="721" frameX="-402" frameY="-48" frameWidth="1930" frameHeight="987"/>
	<SubTexture name="Signature Stop Sign 20060" x="7427" y="820" width="179" height="761" frameX="-765" frameY="0" frameWidth="1930" frameHeight="987"/>
	<SubTexture name="Signature Stop Sign 20061" x="7616" y="820" width="236" height="762" frameX="-780" frameY="-11" frameWidth="1930" frameHeight="987"/>
	<SubTexture name="Signature Stop Sign 20062" x="5" y="1596" width="581" height="688" frameX="-101" frameY="-194" frameWidth="1930" frameHeight="987"/>
	<SubTexture name="Signature Stop Sign 20063" x="596" y="1596" width="521" height="606" frameX="-165" frameY="-267" frameWidth="1930" frameHeight="987"/>
	<SubTexture name="Signature Stop Sign 20064" x="1127" y="1596" width="575" height="581" frameX="-112" frameY="-309" frameWidth="1930" frameHeight="987"/>
	<SubTexture name="Signature Stop Sign 20065" x="1712" y="1596" width="626" height="535" frameX="-82" frameY="-341" frameWidth="1930" frameHeight="987"/>
	<SubTexture name="Signature Stop Sign 20066" x="2348" y="1596" width="643" height="512" frameX="-73" frameY="-361" frameWidth="1930" frameHeight="987"/>
	<SubTexture name="Signature Stop Sign 20067" x="3001" y="1596" width="657" height="494" frameX="-70" frameY="-379" frameWidth="1930" frameHeight="987"/>
	<SubTexture name="Signature Stop Sign 20068" x="3668" y="1596" width="668" height="481" frameX="-67" frameY="-391" frameWidth="1930" frameHeight="987"/>
	<SubTexture name="Signature Stop Sign 20069" x="3668" y="1596" width="668" height="481" frameX="-67" frameY="-391" frameWidth="1930" frameHeight="987"/>
	<SubTexture name="Signature Stop Sign 20070" x="4346" y="1596" width="499" height="733" frameX="-425" frameY="-91" frameWidth="1930" frameHeight="987"/>
	<SubTexture name="Signature Stop Sign 20071" x="4855" y="1596" width="515" height="669" frameX="-969" frameY="-149" frameWidth="1930" frameHeight="987"/>
	<SubTexture name="Signature Stop Sign 20072" x="5380" y="1596" width="517" height="669" frameX="-1409" frameY="-221" frameWidth="1930" frameHeight="987"/>
	<SubTexture name="Signature Stop Sign 20073" x="5907" y="1596" width="516" height="669" frameX="-1414" frameY="-217" frameWidth="1930" frameHeight="987"/>
	<SubTexture name="Signature Stop Sign 30000" x="6433" y="1596" width="270" height="761" frameX="-114" frameY="-710" frameWidth="423" frameHeight="1593"/>
	<SubTexture name="Signature Stop Sign 30001" x="6713" y="1596" width="271" height="761" frameX="-34" frameY="-200" frameWidth="423" frameHeight="1593"/>
	<SubTexture name="Signature Stop Sign 30002" x="6713" y="1596" width="271" height="761" frameX="-4" frameY="-4" frameWidth="423" frameHeight="1593"/>
	<SubTexture name="Signature Stop Sign 30003" x="6994" y="1596" width="271" height="760" frameX="-1" frameY="-23" frameWidth="423" frameHeight="1593"/>
	<SubTexture name="Signature Stop Sign 30004" x="6994" y="1596" width="271" height="760" frameX="-3" frameY="-45" frameWidth="423" frameHeight="1593"/>
	<SubTexture name="Signature Stop Sign 30005" x="7275" y="1596" width="271" height="760" frameX="-3" frameY="-56" frameWidth="423" frameHeight="1593"/>
	<SubTexture name="Signature Stop Sign 30006" x="6994" y="1596" width="271" height="760" frameX="-2" frameY="-62" frameWidth="423" frameHeight="1593"/>
	<SubTexture name="Signature Stop Sign 30007" x="7556" y="1596" width="269" height="761" frameX="-23" frameY="-158" frameWidth="423" frameHeight="1593"/>
	<SubTexture name="Signature Stop Sign 30008" x="7835" y="1596" width="270" height="761" frameX="-47" frameY="-376" frameWidth="423" frameHeight="1593"/>
	<SubTexture name="Signature Stop Sign 30009" x="7556" y="1596" width="269" height="761" frameX="-52" frameY="-356" frameWidth="423" frameHeight="1593"/>
	<SubTexture name="Signature Stop Sign 30010" x="7835" y="1596" width="270" height="761" frameX="-53" frameY="-340" frameWidth="423" frameHeight="1593"/>
	<SubTexture name="Signature Stop Sign 30011" x="7835" y="1596" width="270" height="761" frameX="-49" frameY="-333" frameWidth="423" frameHeight="1593"/>
	<SubTexture name="Signature Stop Sign 30012" x="7556" y="1596" width="269" height="761" frameX="-51" frameY="-330" frameWidth="423" frameHeight="1593"/>
	<SubTexture name="Signature Stop Sign 30013" x="7556" y="1596" width="269" height="761" frameX="-51" frameY="-330" frameWidth="423" frameHeight="1593"/>
	<SubTexture name="Signature Stop Sign 30014" x="6713" y="1596" width="271" height="761" frameX="-4" frameY="-4" frameWidth="423" frameHeight="1593"/>
	<SubTexture name="Signature Stop Sign 30015" x="6994" y="1596" width="271" height="760" frameX="-1" frameY="-23" frameWidth="423" frameHeight="1593"/>
	<SubTexture name="Signature Stop Sign 30016" x="6994" y="1596" width="271" height="760" frameX="-3" frameY="-45" frameWidth="423" frameHeight="1593"/>
	<SubTexture name="Signature Stop Sign 30017" x="7275" y="1596" width="271" height="760" frameX="-3" frameY="-56" frameWidth="423" frameHeight="1593"/>
	<SubTexture name="Signature Stop Sign 30018" x="6994" y="1596" width="271" height="760" frameX="-2" frameY="-62" frameWidth="423" frameHeight="1593"/>
	<SubTexture name="Signature Stop Sign 30019" x="7556" y="1596" width="269" height="761" frameX="-23" frameY="-158" frameWidth="423" frameHeight="1593"/>
	<SubTexture name="Signature Stop Sign 30020" x="7835" y="1596" width="270" height="761" frameX="-47" frameY="-376" frameWidth="423" frameHeight="1593"/>
	<SubTexture name="Signature Stop Sign 30021" x="7556" y="1596" width="269" height="761" frameX="-52" frameY="-356" frameWidth="423" frameHeight="1593"/>
	<SubTexture name="Signature Stop Sign 30022" x="7835" y="1596" width="270" height="761" frameX="-53" frameY="-340" frameWidth="423" frameHeight="1593"/>
	<SubTexture name="Signature Stop Sign 30023" x="7835" y="1596" width="270" height="761" frameX="-49" frameY="-333" frameWidth="423" frameHeight="1593"/>
	<SubTexture name="Signature Stop Sign 30024" x="7556" y="1596" width="269" height="761" frameX="-51" frameY="-330" frameWidth="423" frameHeight="1593"/>
	<SubTexture name="Signature Stop Sign 30025" x="7556" y="1596" width="269" height="761" frameX="-51" frameY="-330" frameWidth="423" frameHeight="1593"/>
	<SubTexture name="Signature Stop Sign 30026" x="6713" y="1596" width="271" height="761" frameX="-4" frameY="-4" frameWidth="423" frameHeight="1593"/>
	<SubTexture name="Signature Stop Sign 30027" x="6994" y="1596" width="271" height="760" frameX="-1" frameY="-23" frameWidth="423" frameHeight="1593"/>
	<SubTexture name="Signature Stop Sign 30028" x="6994" y="1596" width="271" height="760" frameX="-3" frameY="-45" frameWidth="423" frameHeight="1593"/>
	<SubTexture name="Signature Stop Sign 30029" x="7275" y="1596" width="271" height="760" frameX="-3" frameY="-56" frameWidth="423" frameHeight="1593"/>
	<SubTexture name="Signature Stop Sign 30030" x="6994" y="1596" width="271" height="760" frameX="-2" frameY="-62" frameWidth="423" frameHeight="1593"/>
	<SubTexture name="Signature Stop Sign 30031" x="7556" y="1596" width="269" height="761" frameX="-23" frameY="-158" frameWidth="423" frameHeight="1593"/>
	<SubTexture name="Signature Stop Sign 30032" x="7835" y="1596" width="270" height="761" frameX="-47" frameY="-376" frameWidth="423" frameHeight="1593"/>
	<SubTexture name="Signature Stop Sign 30033" x="7556" y="1596" width="269" height="761" frameX="-52" frameY="-356" frameWidth="423" frameHeight="1593"/>
	<SubTexture name="Signature Stop Sign 30034" x="7835" y="1596" width="270" height="761" frameX="-53" frameY="-340" frameWidth="423" frameHeight="1593"/>
	<SubTexture name="Signature Stop Sign 30035" x="7835" y="1596" width="270" height="761" frameX="-49" frameY="-333" frameWidth="423" frameHeight="1593"/>
	<SubTexture name="Signature Stop Sign 30036" x="7556" y="1596" width="269" height="761" frameX="-51" frameY="-330" frameWidth="423" frameHeight="1593"/>
	<SubTexture name="Signature Stop Sign 30037" x="7556" y="1596" width="269" height="761" frameX="-51" frameY="-330" frameWidth="423" frameHeight="1593"/>
	<SubTexture name="Signature Stop Sign 30038" x="6713" y="1596" width="271" height="761" frameX="-4" frameY="-4" frameWidth="423" frameHeight="1593"/>
	<SubTexture name="Signature Stop Sign 30039" x="6994" y="1596" width="271" height="760" frameX="-1" frameY="-23" frameWidth="423" frameHeight="1593"/>
	<SubTexture name="Signature Stop Sign 30040" x="6994" y="1596" width="271" height="760" frameX="-3" frameY="-45" frameWidth="423" frameHeight="1593"/>
	<SubTexture name="Signature Stop Sign 30041" x="7275" y="1596" width="271" height="760" frameX="-3" frameY="-56" frameWidth="423" frameHeight="1593"/>
	<SubTexture name="Signature Stop Sign 30042" x="6994" y="1596" width="271" height="760" frameX="-2" frameY="-62" frameWidth="423" frameHeight="1593"/>
	<SubTexture name="Signature Stop Sign 30043" x="7556" y="1596" width="269" height="761" frameX="-23" frameY="-158" frameWidth="423" frameHeight="1593"/>
	<SubTexture name="Signature Stop Sign 30044" x="7835" y="1596" width="270" height="761" frameX="-47" frameY="-376" frameWidth="423" frameHeight="1593"/>
	<SubTexture name="Signature Stop Sign 30045" x="7556" y="1596" width="269" height="761" frameX="-52" frameY="-356" frameWidth="423" frameHeight="1593"/>
	<SubTexture name="Signature Stop Sign 30046" x="7835" y="1596" width="270" height="761" frameX="-53" frameY="-340" frameWidth="423" frameHeight="1593"/>
	<SubTexture name="Signature Stop Sign 30047" x="7835" y="1596" width="270" height="761" frameX="-49" frameY="-333" frameWidth="423" frameHeight="1593"/>
	<SubTexture name="Signature Stop Sign 30048" x="7556" y="1596" width="269" height="761" frameX="-51" frameY="-330" frameWidth="423" frameHeight="1593"/>
	<SubTexture name="Signature Stop Sign 30049" x="7556" y="1596" width="269" height="761" frameX="-51" frameY="-330" frameWidth="423" frameHeight="1593"/>
	<SubTexture name="Signature Stop Sign 30050" x="6713" y="1596" width="271" height="761" frameX="-4" frameY="-4" frameWidth="423" frameHeight="1593"/>
	<SubTexture name="Signature Stop Sign 30051" x="6994" y="1596" width="271" height="760" frameX="-1" frameY="-23" frameWidth="423" frameHeight="1593"/>
	<SubTexture name="Signature Stop Sign 30052" x="6994" y="1596" width="271" height="760" frameX="-3" frameY="-45" frameWidth="423" frameHeight="1593"/>
	<SubTexture name="Signature Stop Sign 30053" x="7275" y="1596" width="271" height="760" frameX="-3" frameY="-56" frameWidth="423" frameHeight="1593"/>
	<SubTexture name="Signature Stop Sign 30054" x="6994" y="1596" width="271" height="760" frameX="-2" frameY="-62" frameWidth="423" frameHeight="1593"/>
	<SubTexture name="Signature Stop Sign 30055" x="7556" y="1596" width="269" height="761" frameX="-23" frameY="-158" frameWidth="423" frameHeight="1593"/>
	<SubTexture name="Signature Stop Sign 30056" x="7835" y="1596" width="270" height="761" frameX="-47" frameY="-376" frameWidth="423" frameHeight="1593"/>
	<SubTexture name="Signature Stop Sign 30057" x="7556" y="1596" width="269" height="761" frameX="-52" frameY="-356" frameWidth="423" frameHeight="1593"/>
	<SubTexture name="Signature Stop Sign 30058" x="7835" y="1596" width="270" height="761" frameX="-53" frameY="-340" frameWidth="423" frameHeight="1593"/>
	<SubTexture name="Signature Stop Sign 30059" x="7835" y="1596" width="270" height="761" frameX="-49" frameY="-333" frameWidth="423" frameHeight="1593"/>
	<SubTexture name="Signature Stop Sign 30060" x="7556" y="1596" width="269" height="761" frameX="-51" frameY="-330" frameWidth="423" frameHeight="1593"/>
	<SubTexture name="Signature Stop Sign 30061" x="7556" y="1596" width="269" height="761" frameX="-51" frameY="-330" frameWidth="423" frameHeight="1593"/>
	<SubTexture name="Signature Stop Sign 30062" x="6713" y="1596" width="271" height="761" frameX="-4" frameY="-4" frameWidth="423" frameHeight="1593"/>
	<SubTexture name="Signature Stop Sign 30063" x="6994" y="1596" width="271" height="760" frameX="-1" frameY="-23" frameWidth="423" frameHeight="1593"/>
	<SubTexture name="Signature Stop Sign 30064" x="6994" y="1596" width="271" height="760" frameX="-3" frameY="-45" frameWidth="423" frameHeight="1593"/>
	<SubTexture name="Signature Stop Sign 30065" x="7275" y="1596" width="271" height="760" frameX="-3" frameY="-56" frameWidth="423" frameHeight="1593"/>
	<SubTexture name="Signature Stop Sign 30066" x="6994" y="1596" width="271" height="760" frameX="-2" frameY="-62" frameWidth="423" frameHeight="1593"/>
	<SubTexture name="Signature Stop Sign 30067" x="6994" y="1596" width="271" height="760" frameX="-2" frameY="-43" frameWidth="423" frameHeight="1593"/>
	<SubTexture name="Signature Stop Sign 30068" x="6994" y="1596" width="271" height="760" frameX="0" frameY="-17" frameWidth="423" frameHeight="1593"/>
	<SubTexture name="Signature Stop Sign 30069" x="6994" y="1596" width="271" height="760" frameX="-1" frameY="-8" frameWidth="423" frameHeight="1593"/>
	<SubTexture name="Signature Stop Sign 30070" x="7275" y="1596" width="271" height="760" frameX="-1" frameY="-3" frameWidth="423" frameHeight="1593"/>
	<SubTexture name="Signature Stop Sign 30071" x="7275" y="1596" width="271" height="760" frameX="-2" frameY="0" frameWidth="423" frameHeight="1593"/>
	<SubTexture name="Signature Stop Sign 30072" x="7556" y="1596" width="269" height="761" frameX="-23" frameY="-158" frameWidth="423" frameHeight="1593"/>
	<SubTexture name="Signature Stop Sign 30073" x="5" y="2367" width="270" height="761" frameX="-71" frameY="-477" frameWidth="423" frameHeight="1593"/>
	<SubTexture name="Signature Stop Sign 30074" x="285" y="2367" width="271" height="761" frameX="-152" frameY="-832" frameWidth="423" frameHeight="1593"/>
	<SubTexture name="Signature Stop Sign 30075" x="285" y="2367" width="271" height="761" frameX="-152" frameY="-832" frameWidth="423" frameHeight="1593"/>
	<SubTexture name="Signature Stop Sign 30076" x="285" y="2367" width="271" height="761" frameX="-152" frameY="-832" frameWidth="423" frameHeight="1593"/>
	<SubTexture name="Signature Stop Sign 40000" x="566" y="2367" width="262" height="1037" frameX="-870" frameY="-1213" frameWidth="1250" frameHeight="2250"/>
	<SubTexture name="Signature Stop Sign 40001" x="838" y="2367" width="447" height="1036" frameX="-792" frameY="-570" frameWidth="1250" frameHeight="2250"/>
	<SubTexture name="Signature Stop Sign 40002" x="1295" y="2367" width="453" height="1036" frameX="-797" frameY="-202" frameWidth="1250" frameHeight="2250"/>
	<SubTexture name="Signature Stop Sign 40003" x="1758" y="2367" width="264" height="1434" frameX="-890" frameY="0" frameWidth="1250" frameHeight="2250"/>
	<SubTexture name="Signature Stop Sign 40004" x="2032" y="2367" width="264" height="1388" frameX="-890" frameY="-56" frameWidth="1250" frameHeight="2250"/>
	<SubTexture name="Signature Stop Sign 40005" x="2306" y="2367" width="263" height="1036" frameX="-885" frameY="-119" frameWidth="1250" frameHeight="2250"/>
	<SubTexture name="Signature Stop Sign 40006" x="2306" y="2367" width="263" height="1036" frameX="-886" frameY="-137" frameWidth="1250" frameHeight="2250"/>
	<SubTexture name="Signature Stop Sign 40007" x="2306" y="2367" width="263" height="1036" frameX="-886" frameY="-145" frameWidth="1250" frameHeight="2250"/>
	<SubTexture name="Signature Stop Sign 40008" x="2306" y="2367" width="263" height="1036" frameX="-886" frameY="-141" frameWidth="1250" frameHeight="2250"/>
	<SubTexture name="Signature Stop Sign 40009" x="2306" y="2367" width="263" height="1036" frameX="-885" frameY="-139" frameWidth="1250" frameHeight="2250"/>
	<SubTexture name="Signature Stop Sign 40010" x="2306" y="2367" width="263" height="1036" frameX="-885" frameY="-139" frameWidth="1250" frameHeight="2250"/>
	<SubTexture name="Signature Stop Sign 40011" x="2306" y="2367" width="263" height="1036" frameX="-885" frameY="-139" frameWidth="1250" frameHeight="2250"/>
	<SubTexture name="Signature Stop Sign 40012" x="2306" y="2367" width="263" height="1036" frameX="-885" frameY="-139" frameWidth="1250" frameHeight="2250"/>
	<SubTexture name="Signature Stop Sign 40013" x="2306" y="2367" width="263" height="1036" frameX="-885" frameY="-139" frameWidth="1250" frameHeight="2250"/>
	<SubTexture name="Signature Stop Sign 40014" x="2306" y="2367" width="263" height="1036" frameX="-885" frameY="-139" frameWidth="1250" frameHeight="2250"/>
	<SubTexture name="Signature Stop Sign 40015" x="2306" y="2367" width="263" height="1036" frameX="-885" frameY="-139" frameWidth="1250" frameHeight="2250"/>
	<SubTexture name="Signature Stop Sign 40016" x="2306" y="2367" width="263" height="1036" frameX="-885" frameY="-139" frameWidth="1250" frameHeight="2250"/>
	<SubTexture name="Signature Stop Sign 40017" x="2306" y="2367" width="263" height="1036" frameX="-885" frameY="-139" frameWidth="1250" frameHeight="2250"/>
	<SubTexture name="Signature Stop Sign 40018" x="2306" y="2367" width="263" height="1036" frameX="-885" frameY="-139" frameWidth="1250" frameHeight="2250"/>
	<SubTexture name="Signature Stop Sign 40019" x="2306" y="2367" width="263" height="1036" frameX="-885" frameY="-139" frameWidth="1250" frameHeight="2250"/>
	<SubTexture name="Signature Stop Sign 40020" x="2306" y="2367" width="263" height="1036" frameX="-885" frameY="-139" frameWidth="1250" frameHeight="2250"/>
	<SubTexture name="Signature Stop Sign 40021" x="2306" y="2367" width="263" height="1036" frameX="-885" frameY="-139" frameWidth="1250" frameHeight="2250"/>
	<SubTexture name="Signature Stop Sign 40022" x="2306" y="2367" width="263" height="1036" frameX="-885" frameY="-139" frameWidth="1250" frameHeight="2250"/>
	<SubTexture name="Signature Stop Sign 40023" x="2306" y="2367" width="263" height="1036" frameX="-885" frameY="-139" frameWidth="1250" frameHeight="2250"/>
	<SubTexture name="Signature Stop Sign 40024" x="2306" y="2367" width="263" height="1036" frameX="-885" frameY="-139" frameWidth="1250" frameHeight="2250"/>
	<SubTexture name="Signature Stop Sign 40025" x="2306" y="2367" width="263" height="1036" frameX="-885" frameY="-139" frameWidth="1250" frameHeight="2250"/>
	<SubTexture name="Signature Stop Sign 40026" x="2306" y="2367" width="263" height="1036" frameX="-885" frameY="-139" frameWidth="1250" frameHeight="2250"/>
	<SubTexture name="Signature Stop Sign 40027" x="2306" y="2367" width="263" height="1036" frameX="-885" frameY="-139" frameWidth="1250" frameHeight="2250"/>
	<SubTexture name="Signature Stop Sign 40028" x="2306" y="2367" width="263" height="1036" frameX="-885" frameY="-139" frameWidth="1250" frameHeight="2250"/>
	<SubTexture name="Signature Stop Sign 40029" x="2306" y="2367" width="263" height="1036" frameX="-885" frameY="-139" frameWidth="1250" frameHeight="2250"/>
	<SubTexture name="Signature Stop Sign 40030" x="2306" y="2367" width="263" height="1036" frameX="-885" frameY="-139" frameWidth="1250" frameHeight="2250"/>
	<SubTexture name="Signature Stop Sign 40031" x="2306" y="2367" width="263" height="1036" frameX="-885" frameY="-139" frameWidth="1250" frameHeight="2250"/>
	<SubTexture name="Signature Stop Sign 40032" x="2306" y="2367" width="263" height="1036" frameX="-885" frameY="-139" frameWidth="1250" frameHeight="2250"/>
	<SubTexture name="Signature Stop Sign 40033" x="2306" y="2367" width="263" height="1036" frameX="-885" frameY="-139" frameWidth="1250" frameHeight="2250"/>
	<SubTexture name="Signature Stop Sign 40034" x="2306" y="2367" width="263" height="1036" frameX="-885" frameY="-139" frameWidth="1250" frameHeight="2250"/>
	<SubTexture name="Signature Stop Sign 40035" x="2306" y="2367" width="263" height="1036" frameX="-885" frameY="-139" frameWidth="1250" frameHeight="2250"/>
	<SubTexture name="Signature Stop Sign 40036" x="2306" y="2367" width="263" height="1036" frameX="-885" frameY="-139" frameWidth="1250" frameHeight="2250"/>
	<SubTexture name="Signature Stop Sign 40037" x="2306" y="2367" width="263" height="1036" frameX="-885" frameY="-139" frameWidth="1250" frameHeight="2250"/>
	<SubTexture name="Signature Stop Sign 40038" x="2306" y="2367" width="263" height="1036" frameX="-885" frameY="-139" frameWidth="1250" frameHeight="2250"/>
	<SubTexture name="Signature Stop Sign 40039" x="2306" y="2367" width="263" height="1036" frameX="-885" frameY="-139" frameWidth="1250" frameHeight="2250"/>
	<SubTexture name="Signature Stop Sign 40040" x="2306" y="2367" width="263" height="1036" frameX="-885" frameY="-139" frameWidth="1250" frameHeight="2250"/>
	<SubTexture name="Signature Stop Sign 40041" x="2306" y="2367" width="263" height="1036" frameX="-885" frameY="-139" frameWidth="1250" frameHeight="2250"/>
	<SubTexture name="Signature Stop Sign 40042" x="2306" y="2367" width="263" height="1036" frameX="-885" frameY="-139" frameWidth="1250" frameHeight="2250"/>
	<SubTexture name="Signature Stop Sign 40043" x="2306" y="2367" width="263" height="1036" frameX="-885" frameY="-139" frameWidth="1250" frameHeight="2250"/>
	<SubTexture name="Signature Stop Sign 40044" x="2306" y="2367" width="263" height="1036" frameX="-885" frameY="-139" frameWidth="1250" frameHeight="2250"/>
	<SubTexture name="Signature Stop Sign 40045" x="2306" y="2367" width="263" height="1036" frameX="-885" frameY="-139" frameWidth="1250" frameHeight="2250"/>
	<SubTexture name="Signature Stop Sign 40046" x="2306" y="2367" width="263" height="1036" frameX="-885" frameY="-139" frameWidth="1250" frameHeight="2250"/>
	<SubTexture name="Signature Stop Sign 40047" x="2306" y="2367" width="263" height="1036" frameX="-885" frameY="-139" frameWidth="1250" frameHeight="2250"/>
	<SubTexture name="Signature Stop Sign 40048" x="2306" y="2367" width="263" height="1036" frameX="-885" frameY="-139" frameWidth="1250" frameHeight="2250"/>
	<SubTexture name="Signature Stop Sign 40049" x="2306" y="2367" width="263" height="1036" frameX="-885" frameY="-139" frameWidth="1250" frameHeight="2250"/>
	<SubTexture name="Signature Stop Sign 40050" x="2306" y="2367" width="263" height="1036" frameX="-885" frameY="-139" frameWidth="1250" frameHeight="2250"/>
	<SubTexture name="Signature Stop Sign 40051" x="2306" y="2367" width="263" height="1036" frameX="-885" frameY="-139" frameWidth="1250" frameHeight="2250"/>
	<SubTexture name="Signature Stop Sign 40052" x="2306" y="2367" width="263" height="1036" frameX="-885" frameY="-139" frameWidth="1250" frameHeight="2250"/>
	<SubTexture name="Signature Stop Sign 40053" x="2306" y="2367" width="263" height="1036" frameX="-885" frameY="-139" frameWidth="1250" frameHeight="2250"/>
	<SubTexture name="Signature Stop Sign 40054" x="2306" y="2367" width="263" height="1036" frameX="-885" frameY="-139" frameWidth="1250" frameHeight="2250"/>
	<SubTexture name="Signature Stop Sign 40055" x="2306" y="2367" width="263" height="1036" frameX="-885" frameY="-139" frameWidth="1250" frameHeight="2250"/>
	<SubTexture name="Signature Stop Sign 40056" x="2306" y="2367" width="263" height="1036" frameX="-885" frameY="-139" frameWidth="1250" frameHeight="2250"/>
	<SubTexture name="Signature Stop Sign 40057" x="2306" y="2367" width="263" height="1036" frameX="-885" frameY="-139" frameWidth="1250" frameHeight="2250"/>
	<SubTexture name="Signature Stop Sign 40058" x="2306" y="2367" width="263" height="1036" frameX="-885" frameY="-139" frameWidth="1250" frameHeight="2250"/>
	<SubTexture name="Signature Stop Sign 40059" x="2306" y="2367" width="263" height="1036" frameX="-885" frameY="-139" frameWidth="1250" frameHeight="2250"/>
	<SubTexture name="Signature Stop Sign 40060" x="2579" y="2367" width="263" height="1036" frameX="-889" frameY="-136" frameWidth="1250" frameHeight="2250"/>
	<SubTexture name="Signature Stop Sign 40061" x="2852" y="2367" width="264" height="1037" frameX="-896" frameY="-131" frameWidth="1250" frameHeight="2250"/>
	<SubTexture name="Signature Stop Sign 40062" x="3126" y="2367" width="270" height="1036" frameX="-947" frameY="-233" frameWidth="1250" frameHeight="2250"/>
	<SubTexture name="Signature Stop Sign 40063" x="3406" y="2367" width="273" height="1035" frameX="-957" frameY="-369" frameWidth="1250" frameHeight="2250"/>
	<SubTexture name="Signature Stop Sign 40064" x="3689" y="2367" width="359" height="1024" frameX="-746" frameY="-669" frameWidth="1250" frameHeight="2250"/>
	<SubTexture name="Signature Stop Sign 40065" x="3689" y="2367" width="359" height="1024" frameX="-744" frameY="-672" frameWidth="1250" frameHeight="2250"/>
	<SubTexture name="Signature Stop Sign 40066" x="3689" y="2367" width="359" height="1024" frameX="-734" frameY="-680" frameWidth="1250" frameHeight="2250"/>
	<SubTexture name="Signature Stop Sign 40067" x="3689" y="2367" width="359" height="1024" frameX="-723" frameY="-687" frameWidth="1250" frameHeight="2250"/>
	<SubTexture name="Signature Stop Sign 40068" x="3689" y="2367" width="359" height="1024" frameX="-707" frameY="-701" frameWidth="1250" frameHeight="2250"/>
	<SubTexture name="Signature Stop Sign 40069" x="3689" y="2367" width="359" height="1024" frameX="-683" frameY="-710" frameWidth="1250" frameHeight="2250"/>
	<SubTexture name="Signature Stop Sign 40070" x="4058" y="2367" width="438" height="1005" frameX="-457" frameY="-665" frameWidth="1250" frameHeight="2250"/>
	<SubTexture name="Signature Stop Sign 40071" x="4058" y="2367" width="438" height="1005" frameX="-227" frameY="-577" frameWidth="1250" frameHeight="2250"/>
	<SubTexture name="Signature Stop Sign 40072" x="4506" y="2367" width="479" height="992" frameX="-171" frameY="-561" frameWidth="1250" frameHeight="2250"/>
	<SubTexture name="Signature Stop Sign 40073" x="4995" y="2367" width="503" height="982" frameX="-145" frameY="-540" frameWidth="1250" frameHeight="2250"/>
	<SubTexture name="Signature Stop Sign 40074" x="5508" y="2367" width="522" height="975" frameX="-124" frameY="-519" frameWidth="1250" frameHeight="2250"/>
	<SubTexture name="Signature Stop Sign 40075" x="6040" y="2367" width="552" height="961" frameX="-99" frameY="-502" frameWidth="1250" frameHeight="2250"/>
	<SubTexture name="Signature Stop Sign 40076" x="6602" y="2367" width="572" height="950" frameX="-95" frameY="-494" frameWidth="1250" frameHeight="2250"/>
	<SubTexture name="Signature Stop Sign 40077" x="6602" y="2367" width="572" height="950" frameX="-118" frameY="-472" frameWidth="1250" frameHeight="2250"/>
	<SubTexture name="Signature Stop Sign 40078" x="6602" y="2367" width="572" height="950" frameX="-142" frameY="-495" frameWidth="1250" frameHeight="2250"/>
	<SubTexture name="Signature Stop Sign 40079" x="6602" y="2367" width="572" height="950" frameX="-151" frameY="-503" frameWidth="1250" frameHeight="2250"/>
	<SubTexture name="Signature Stop Sign 40080" x="6602" y="2367" width="572" height="950" frameX="-170" frameY="-532" frameWidth="1250" frameHeight="2250"/>
	<SubTexture name="Signature Stop Sign 40081" x="6602" y="2367" width="572" height="950" frameX="-172" frameY="-567" frameWidth="1250" frameHeight="2250"/>
	<SubTexture name="Signature Stop Sign 40082" x="6602" y="2367" width="572" height="950" frameX="-159" frameY="-594" frameWidth="1250" frameHeight="2250"/>
	<SubTexture name="Signature Stop Sign 40083" x="6602" y="2367" width="572" height="950" frameX="-129" frameY="-602" frameWidth="1250" frameHeight="2250"/>
	<SubTexture name="Signature Stop Sign 40084" x="7184" y="2367" width="538" height="967" frameX="-137" frameY="-574" frameWidth="1250" frameHeight="2250"/>
	<SubTexture name="Signature Stop Sign 40085" x="5" y="3811" width="568" height="952" frameX="-91" frameY="-537" frameWidth="1250" frameHeight="2250"/>
	<SubTexture name="Signature Stop Sign 40086" x="583" y="3811" width="592" height="938" frameX="-66" frameY="-510" frameWidth="1250" frameHeight="2250"/>
	<SubTexture name="Signature Stop Sign 40087" x="6602" y="2367" width="572" height="950" frameX="-95" frameY="-494" frameWidth="1250" frameHeight="2250"/>
	<SubTexture name="Signature Stop Sign 40088" x="6602" y="2367" width="572" height="950" frameX="-118" frameY="-472" frameWidth="1250" frameHeight="2250"/>
	<SubTexture name="Signature Stop Sign 40089" x="6602" y="2367" width="572" height="950" frameX="-142" frameY="-495" frameWidth="1250" frameHeight="2250"/>
	<SubTexture name="Signature Stop Sign 40090" x="6602" y="2367" width="572" height="950" frameX="-151" frameY="-503" frameWidth="1250" frameHeight="2250"/>
	<SubTexture name="Signature Stop Sign 40091" x="6602" y="2367" width="572" height="950" frameX="-170" frameY="-532" frameWidth="1250" frameHeight="2250"/>
	<SubTexture name="Signature Stop Sign 40092" x="6602" y="2367" width="572" height="950" frameX="-172" frameY="-567" frameWidth="1250" frameHeight="2250"/>
	<SubTexture name="Signature Stop Sign 40093" x="6602" y="2367" width="572" height="950" frameX="-159" frameY="-594" frameWidth="1250" frameHeight="2250"/>
	<SubTexture name="Signature Stop Sign 40094" x="6602" y="2367" width="572" height="950" frameX="-129" frameY="-602" frameWidth="1250" frameHeight="2250"/>
	<SubTexture name="Signature Stop Sign 40095" x="7184" y="2367" width="538" height="967" frameX="-137" frameY="-574" frameWidth="1250" frameHeight="2250"/>
	<SubTexture name="Signature Stop Sign 40096" x="5" y="3811" width="568" height="952" frameX="-91" frameY="-537" frameWidth="1250" frameHeight="2250"/>
	<SubTexture name="Signature Stop Sign 40097" x="583" y="3811" width="592" height="938" frameX="-66" frameY="-510" frameWidth="1250" frameHeight="2250"/>
	<SubTexture name="Signature Stop Sign 40098" x="6602" y="2367" width="572" height="950" frameX="-95" frameY="-494" frameWidth="1250" frameHeight="2250"/>
	<SubTexture name="Signature Stop Sign 40099" x="6602" y="2367" width="572" height="950" frameX="-118" frameY="-472" frameWidth="1250" frameHeight="2250"/>
	<SubTexture name="Signature Stop Sign 40100" x="6602" y="2367" width="572" height="950" frameX="-142" frameY="-495" frameWidth="1250" frameHeight="2250"/>
	<SubTexture name="Signature Stop Sign 40101" x="6602" y="2367" width="572" height="950" frameX="-151" frameY="-503" frameWidth="1250" frameHeight="2250"/>
	<SubTexture name="Signature Stop Sign 40102" x="6602" y="2367" width="572" height="950" frameX="-170" frameY="-532" frameWidth="1250" frameHeight="2250"/>
	<SubTexture name="Signature Stop Sign 40103" x="6602" y="2367" width="572" height="950" frameX="-172" frameY="-567" frameWidth="1250" frameHeight="2250"/>
	<SubTexture name="Signature Stop Sign 40104" x="6602" y="2367" width="572" height="950" frameX="-159" frameY="-594" frameWidth="1250" frameHeight="2250"/>
	<SubTexture name="Signature Stop Sign 40105" x="6602" y="2367" width="572" height="950" frameX="-129" frameY="-602" frameWidth="1250" frameHeight="2250"/>
	<SubTexture name="Signature Stop Sign 40106" x="7184" y="2367" width="538" height="967" frameX="-137" frameY="-574" frameWidth="1250" frameHeight="2250"/>
	<SubTexture name="Signature Stop Sign 40107" x="5" y="3811" width="568" height="952" frameX="-91" frameY="-537" frameWidth="1250" frameHeight="2250"/>
	<SubTexture name="Signature Stop Sign 40108" x="583" y="3811" width="592" height="938" frameX="-66" frameY="-510" frameWidth="1250" frameHeight="2250"/>
	<SubTexture name="Signature Stop Sign 40109" x="6602" y="2367" width="572" height="950" frameX="-95" frameY="-494" frameWidth="1250" frameHeight="2250"/>
	<SubTexture name="Signature Stop Sign 40110" x="6602" y="2367" width="572" height="950" frameX="-118" frameY="-472" frameWidth="1250" frameHeight="2250"/>
	<SubTexture name="Signature Stop Sign 40111" x="6602" y="2367" width="572" height="950" frameX="-142" frameY="-495" frameWidth="1250" frameHeight="2250"/>
	<SubTexture name="Signature Stop Sign 40112" x="6602" y="2367" width="572" height="950" frameX="-151" frameY="-503" frameWidth="1250" frameHeight="2250"/>
	<SubTexture name="Signature Stop Sign 40113" x="6602" y="2367" width="572" height="950" frameX="-170" frameY="-532" frameWidth="1250" frameHeight="2250"/>
	<SubTexture name="Signature Stop Sign 40114" x="6602" y="2367" width="572" height="950" frameX="-172" frameY="-567" frameWidth="1250" frameHeight="2250"/>
	<SubTexture name="Signature Stop Sign 40115" x="6602" y="2367" width="572" height="950" frameX="-159" frameY="-594" frameWidth="1250" frameHeight="2250"/>
	<SubTexture name="Signature Stop Sign 40116" x="6602" y="2367" width="572" height="950" frameX="-129" frameY="-602" frameWidth="1250" frameHeight="2250"/>
	<SubTexture name="Signature Stop Sign 40117" x="7184" y="2367" width="538" height="967" frameX="-137" frameY="-574" frameWidth="1250" frameHeight="2250"/>
	<SubTexture name="Signature Stop Sign 40118" x="5" y="3811" width="568" height="952" frameX="-91" frameY="-537" frameWidth="1250" frameHeight="2250"/>
	<SubTexture name="Signature Stop Sign 40119" x="583" y="3811" width="592" height="938" frameX="-66" frameY="-510" frameWidth="1250" frameHeight="2250"/>
	<SubTexture name="Signature Stop Sign 40120" x="6602" y="2367" width="572" height="950" frameX="-95" frameY="-494" frameWidth="1250" frameHeight="2250"/>
	<SubTexture name="Signature Stop Sign 40121" x="6602" y="2367" width="572" height="950" frameX="-118" frameY="-472" frameWidth="1250" frameHeight="2250"/>
	<SubTexture name="Signature Stop Sign 40122" x="6602" y="2367" width="572" height="950" frameX="-142" frameY="-495" frameWidth="1250" frameHeight="2250"/>
	<SubTexture name="Signature Stop Sign 40123" x="6602" y="2367" width="572" height="950" frameX="-151" frameY="-503" frameWidth="1250" frameHeight="2250"/>
	<SubTexture name="Signature Stop Sign 40124" x="6602" y="2367" width="572" height="950" frameX="-170" frameY="-532" frameWidth="1250" frameHeight="2250"/>
	<SubTexture name="Signature Stop Sign 40125" x="6602" y="2367" width="572" height="950" frameX="-172" frameY="-567" frameWidth="1250" frameHeight="2250"/>
	<SubTexture name="Signature Stop Sign 40126" x="6602" y="2367" width="572" height="950" frameX="-159" frameY="-594" frameWidth="1250" frameHeight="2250"/>
	<SubTexture name="Signature Stop Sign 40127" x="6602" y="2367" width="572" height="950" frameX="-129" frameY="-602" frameWidth="1250" frameHeight="2250"/>
	<SubTexture name="Signature Stop Sign 40128" x="7184" y="2367" width="538" height="967" frameX="-137" frameY="-574" frameWidth="1250" frameHeight="2250"/>
	<SubTexture name="Signature Stop Sign 40129" x="5" y="3811" width="568" height="952" frameX="-91" frameY="-537" frameWidth="1250" frameHeight="2250"/>
	<SubTexture name="Signature Stop Sign 40130" x="583" y="3811" width="592" height="938" frameX="-66" frameY="-510" frameWidth="1250" frameHeight="2250"/>
	<SubTexture name="Signature Stop Sign 40131" x="6602" y="2367" width="572" height="950" frameX="-95" frameY="-494" frameWidth="1250" frameHeight="2250"/>
	<SubTexture name="Signature Stop Sign 40132" x="6602" y="2367" width="572" height="950" frameX="-118" frameY="-472" frameWidth="1250" frameHeight="2250"/>
	<SubTexture name="Signature Stop Sign 40133" x="6602" y="2367" width="572" height="950" frameX="-142" frameY="-495" frameWidth="1250" frameHeight="2250"/>
	<SubTexture name="Signature Stop Sign 40134" x="6602" y="2367" width="572" height="950" frameX="-151" frameY="-503" frameWidth="1250" frameHeight="2250"/>
	<SubTexture name="Signature Stop Sign 40135" x="6602" y="2367" width="572" height="950" frameX="-170" frameY="-532" frameWidth="1250" frameHeight="2250"/>
	<SubTexture name="Signature Stop Sign 40136" x="6602" y="2367" width="572" height="950" frameX="-172" frameY="-567" frameWidth="1250" frameHeight="2250"/>
	<SubTexture name="Signature Stop Sign 40137" x="6602" y="2367" width="572" height="950" frameX="-159" frameY="-594" frameWidth="1250" frameHeight="2250"/>
	<SubTexture name="Signature Stop Sign 40138" x="6602" y="2367" width="572" height="950" frameX="-129" frameY="-602" frameWidth="1250" frameHeight="2250"/>
	<SubTexture name="Signature Stop Sign 40139" x="7184" y="2367" width="538" height="967" frameX="-137" frameY="-574" frameWidth="1250" frameHeight="2250"/>
	<SubTexture name="Signature Stop Sign 40140" x="5" y="3811" width="568" height="952" frameX="-91" frameY="-537" frameWidth="1250" frameHeight="2250"/>
	<SubTexture name="Signature Stop Sign 40141" x="583" y="3811" width="592" height="938" frameX="-66" frameY="-510" frameWidth="1250" frameHeight="2250"/>
	<SubTexture name="Signature Stop Sign 40142" x="6602" y="2367" width="572" height="950" frameX="-95" frameY="-494" frameWidth="1250" frameHeight="2250"/>
	<SubTexture name="Signature Stop Sign 40143" x="6602" y="2367" width="572" height="950" frameX="-118" frameY="-472" frameWidth="1250" frameHeight="2250"/>
	<SubTexture name="Signature Stop Sign 40144" x="6602" y="2367" width="572" height="950" frameX="-142" frameY="-495" frameWidth="1250" frameHeight="2250"/>
	<SubTexture name="Signature Stop Sign 40145" x="6602" y="2367" width="572" height="950" frameX="-151" frameY="-503" frameWidth="1250" frameHeight="2250"/>
	<SubTexture name="Signature Stop Sign 40146" x="6602" y="2367" width="572" height="950" frameX="-170" frameY="-532" frameWidth="1250" frameHeight="2250"/>
	<SubTexture name="Signature Stop Sign 40147" x="6602" y="2367" width="572" height="950" frameX="-172" frameY="-567" frameWidth="1250" frameHeight="2250"/>
	<SubTexture name="Signature Stop Sign 40148" x="6602" y="2367" width="572" height="950" frameX="-159" frameY="-594" frameWidth="1250" frameHeight="2250"/>
	<SubTexture name="Signature Stop Sign 40149" x="6602" y="2367" width="572" height="950" frameX="-129" frameY="-602" frameWidth="1250" frameHeight="2250"/>
	<SubTexture name="Signature Stop Sign 40150" x="7184" y="2367" width="538" height="967" frameX="-137" frameY="-574" frameWidth="1250" frameHeight="2250"/>
	<SubTexture name="Signature Stop Sign 40151" x="5" y="3811" width="568" height="952" frameX="-91" frameY="-537" frameWidth="1250" frameHeight="2250"/>
	<SubTexture name="Signature Stop Sign 40152" x="1185" y="3811" width="581" height="944" frameX="-77" frameY="-531" frameWidth="1250" frameHeight="2250"/>
	<SubTexture name="Signature Stop Sign 40153" x="1776" y="3811" width="594" height="938" frameX="-65" frameY="-520" frameWidth="1250" frameHeight="2250"/>
	<SubTexture name="Signature Stop Sign 40154" x="2380" y="3811" width="604" height="932" frameX="-54" frameY="-508" frameWidth="1250" frameHeight="2250"/>
	<SubTexture name="Signature Stop Sign 40155" x="2994" y="3811" width="613" height="926" frameX="-48" frameY="-501" frameWidth="1250" frameHeight="2250"/>
	<SubTexture name="Signature Stop Sign 40156" x="3617" y="3811" width="649" height="902" frameX="-127" frameY="-464" frameWidth="1250" frameHeight="2250"/>
	<SubTexture name="Signature Stop Sign 40157" x="3617" y="3811" width="649" height="902" frameX="-142" frameY="-473" frameWidth="1250" frameHeight="2250"/>
	<SubTexture name="Signature Stop Sign 40158" x="4276" y="3811" width="602" height="933" frameX="-233" frameY="-581" frameWidth="1250" frameHeight="2250"/>
	<SubTexture name="Signature Stop Sign 40159" x="1185" y="3811" width="581" height="944" frameX="-259" frameY="-593" frameWidth="1250" frameHeight="2250"/>
	<SubTexture name="Signature Stop Sign 40160" x="4888" y="3811" width="561" height="956" frameX="-283" frameY="-604" frameWidth="1250" frameHeight="2250"/>
	<SubTexture name="Signature Stop Sign 40161" x="5459" y="3811" width="541" height="965" frameX="-373" frameY="-571" frameWidth="1250" frameHeight="2250"/>
	<SubTexture name="Signature Stop Sign 40162" x="5459" y="3811" width="541" height="965" frameX="-466" frameY="-504" frameWidth="1250" frameHeight="2250"/>
	<SubTexture name="Signature Stop Sign 40163" x="6010" y="3811" width="524" height="973" frameX="-506" frameY="-497" frameWidth="1250" frameHeight="2250"/>
	<SubTexture name="Signature Stop Sign 40164" x="6544" y="3811" width="503" height="982" frameX="-539" frameY="-487" frameWidth="1250" frameHeight="2250"/>
	<SubTexture name="Signature Stop Sign 40165" x="7057" y="3811" width="493" height="986" frameX="-564" frameY="-486" frameWidth="1250" frameHeight="2250"/>
	<SubTexture name="Signature Stop Sign 40166" x="7560" y="3811" width="475" height="993" frameX="-591" frameY="-495" frameWidth="1250" frameHeight="2250"/>
	<SubTexture name="Signature Stop Sign 40167" x="5" y="4814" width="427" height="1008" frameX="-646" frameY="-620" frameWidth="1250" frameHeight="2250"/>
	<SubTexture name="Signature Stop Sign 40168" x="4506" y="2367" width="479" height="992" frameX="-492" frameY="-700" frameWidth="1250" frameHeight="2250"/>
	<SubTexture name="Signature Stop Sign 40169" x="442" y="4814" width="525" height="973" frameX="-323" frameY="-684" frameWidth="1250" frameHeight="2250"/>
	<SubTexture name="Signature Stop Sign 40170" x="442" y="4814" width="525" height="973" frameX="-241" frameY="-588" frameWidth="1250" frameHeight="2250"/>
	<SubTexture name="Signature Stop Sign 40171" x="977" y="4814" width="552" height="961" frameX="-300" frameY="-502" frameWidth="1250" frameHeight="2250"/>
	<SubTexture name="Signature Stop Sign 40172" x="977" y="4814" width="552" height="961" frameX="-362" frameY="-464" frameWidth="1250" frameHeight="2250"/>
	<SubTexture name="Signature Stop Sign 40173" x="1539" y="4814" width="503" height="982" frameX="-481" frameY="-440" frameWidth="1250" frameHeight="2250"/>
	<SubTexture name="Signature Stop Sign 40174" x="6544" y="3811" width="503" height="982" frameX="-539" frameY="-487" frameWidth="1250" frameHeight="2250"/>
	<SubTexture name="Signature Stop Sign 40175" x="7057" y="3811" width="493" height="986" frameX="-564" frameY="-486" frameWidth="1250" frameHeight="2250"/>
	<SubTexture name="Signature Stop Sign 40176" x="7560" y="3811" width="475" height="993" frameX="-591" frameY="-495" frameWidth="1250" frameHeight="2250"/>
	<SubTexture name="Signature Stop Sign 40177" x="5" y="4814" width="427" height="1008" frameX="-646" frameY="-620" frameWidth="1250" frameHeight="2250"/>
	<SubTexture name="Signature Stop Sign 40178" x="4506" y="2367" width="479" height="992" frameX="-492" frameY="-700" frameWidth="1250" frameHeight="2250"/>
	<SubTexture name="Signature Stop Sign 40179" x="442" y="4814" width="525" height="973" frameX="-323" frameY="-684" frameWidth="1250" frameHeight="2250"/>
	<SubTexture name="Signature Stop Sign 40180" x="442" y="4814" width="525" height="973" frameX="-241" frameY="-588" frameWidth="1250" frameHeight="2250"/>
	<SubTexture name="Signature Stop Sign 40181" x="977" y="4814" width="552" height="961" frameX="-300" frameY="-502" frameWidth="1250" frameHeight="2250"/>
	<SubTexture name="Signature Stop Sign 40182" x="977" y="4814" width="552" height="961" frameX="-362" frameY="-464" frameWidth="1250" frameHeight="2250"/>
	<SubTexture name="Signature Stop Sign 40183" x="1539" y="4814" width="503" height="982" frameX="-481" frameY="-440" frameWidth="1250" frameHeight="2250"/>
	<SubTexture name="Signature Stop Sign 40184" x="6544" y="3811" width="503" height="982" frameX="-539" frameY="-487" frameWidth="1250" frameHeight="2250"/>
	<SubTexture name="Signature Stop Sign 40185" x="7057" y="3811" width="493" height="986" frameX="-564" frameY="-486" frameWidth="1250" frameHeight="2250"/>
	<SubTexture name="Signature Stop Sign 40186" x="7560" y="3811" width="475" height="993" frameX="-591" frameY="-495" frameWidth="1250" frameHeight="2250"/>
	<SubTexture name="Signature Stop Sign 40187" x="5" y="4814" width="427" height="1008" frameX="-646" frameY="-620" frameWidth="1250" frameHeight="2250"/>
	<SubTexture name="Signature Stop Sign 40188" x="4506" y="2367" width="479" height="992" frameX="-492" frameY="-700" frameWidth="1250" frameHeight="2250"/>
	<SubTexture name="Signature Stop Sign 40189" x="442" y="4814" width="525" height="973" frameX="-323" frameY="-684" frameWidth="1250" frameHeight="2250"/>
	<SubTexture name="Signature Stop Sign 40190" x="442" y="4814" width="525" height="973" frameX="-241" frameY="-588" frameWidth="1250" frameHeight="2250"/>
	<SubTexture name="Signature Stop Sign 40191" x="977" y="4814" width="552" height="961" frameX="-300" frameY="-502" frameWidth="1250" frameHeight="2250"/>
	<SubTexture name="Signature Stop Sign 40192" x="977" y="4814" width="552" height="961" frameX="-362" frameY="-464" frameWidth="1250" frameHeight="2250"/>
	<SubTexture name="Signature Stop Sign 40193" x="1539" y="4814" width="503" height="982" frameX="-481" frameY="-440" frameWidth="1250" frameHeight="2250"/>
	<SubTexture name="Signature Stop Sign 40194" x="6544" y="3811" width="503" height="982" frameX="-539" frameY="-487" frameWidth="1250" frameHeight="2250"/>
	<SubTexture name="Signature Stop Sign 40195" x="7057" y="3811" width="493" height="986" frameX="-564" frameY="-486" frameWidth="1250" frameHeight="2250"/>
	<SubTexture name="Signature Stop Sign 40196" x="7560" y="3811" width="475" height="993" frameX="-591" frameY="-495" frameWidth="1250" frameHeight="2250"/>
	<SubTexture name="Signature Stop Sign 40197" x="5" y="4814" width="427" height="1008" frameX="-646" frameY="-620" frameWidth="1250" frameHeight="2250"/>
	<SubTexture name="Signature Stop Sign 40198" x="4506" y="2367" width="479" height="992" frameX="-492" frameY="-700" frameWidth="1250" frameHeight="2250"/>
	<SubTexture name="Signature Stop Sign 40199" x="442" y="4814" width="525" height="973" frameX="-323" frameY="-684" frameWidth="1250" frameHeight="2250"/>
	<SubTexture name="Signature Stop Sign 40200" x="442" y="4814" width="525" height="973" frameX="-241" frameY="-588" frameWidth="1250" frameHeight="2250"/>
	<SubTexture name="Signature Stop Sign 40201" x="977" y="4814" width="552" height="961" frameX="-300" frameY="-502" frameWidth="1250" frameHeight="2250"/>
	<SubTexture name="Signature Stop Sign 40202" x="977" y="4814" width="552" height="961" frameX="-362" frameY="-464" frameWidth="1250" frameHeight="2250"/>
	<SubTexture name="Signature Stop Sign 40203" x="1539" y="4814" width="503" height="982" frameX="-481" frameY="-440" frameWidth="1250" frameHeight="2250"/>
	<SubTexture name="Signature Stop Sign 40204" x="6544" y="3811" width="503" height="982" frameX="-539" frameY="-487" frameWidth="1250" frameHeight="2250"/>
	<SubTexture name="Signature Stop Sign 40205" x="7057" y="3811" width="493" height="986" frameX="-564" frameY="-486" frameWidth="1250" frameHeight="2250"/>
	<SubTexture name="Signature Stop Sign 40206" x="7560" y="3811" width="475" height="993" frameX="-591" frameY="-495" frameWidth="1250" frameHeight="2250"/>
	<SubTexture name="Signature Stop Sign 40207" x="5" y="4814" width="427" height="1008" frameX="-646" frameY="-620" frameWidth="1250" frameHeight="2250"/>
	<SubTexture name="Signature Stop Sign 40208" x="4506" y="2367" width="479" height="992" frameX="-492" frameY="-700" frameWidth="1250" frameHeight="2250"/>
	<SubTexture name="Signature Stop Sign 40209" x="442" y="4814" width="525" height="973" frameX="-323" frameY="-684" frameWidth="1250" frameHeight="2250"/>
	<SubTexture name="Signature Stop Sign 40210" x="442" y="4814" width="525" height="973" frameX="-241" frameY="-588" frameWidth="1250" frameHeight="2250"/>
	<SubTexture name="Signature Stop Sign 40211" x="977" y="4814" width="552" height="961" frameX="-300" frameY="-502" frameWidth="1250" frameHeight="2250"/>
	<SubTexture name="Signature Stop Sign 40212" x="977" y="4814" width="552" height="961" frameX="-362" frameY="-464" frameWidth="1250" frameHeight="2250"/>
	<SubTexture name="Signature Stop Sign 40213" x="1539" y="4814" width="503" height="982" frameX="-481" frameY="-440" frameWidth="1250" frameHeight="2250"/>
	<SubTexture name="Signature Stop Sign 40214" x="6544" y="3811" width="503" height="982" frameX="-539" frameY="-487" frameWidth="1250" frameHeight="2250"/>
	<SubTexture name="Signature Stop Sign 40215" x="7057" y="3811" width="493" height="986" frameX="-564" frameY="-486" frameWidth="1250" frameHeight="2250"/>
	<SubTexture name="Signature Stop Sign 40216" x="7560" y="3811" width="475" height="993" frameX="-591" frameY="-495" frameWidth="1250" frameHeight="2250"/>
	<SubTexture name="Signature Stop Sign 40217" x="5" y="4814" width="427" height="1008" frameX="-646" frameY="-620" frameWidth="1250" frameHeight="2250"/>
	<SubTexture name="Signature Stop Sign 40218" x="4506" y="2367" width="479" height="992" frameX="-492" frameY="-700" frameWidth="1250" frameHeight="2250"/>
	<SubTexture name="Signature Stop Sign 40219" x="442" y="4814" width="525" height="973" frameX="-323" frameY="-684" frameWidth="1250" frameHeight="2250"/>
	<SubTexture name="Signature Stop Sign 40220" x="442" y="4814" width="525" height="973" frameX="-241" frameY="-588" frameWidth="1250" frameHeight="2250"/>
	<SubTexture name="Signature Stop Sign 40221" x="977" y="4814" width="552" height="961" frameX="-300" frameY="-502" frameWidth="1250" frameHeight="2250"/>
	<SubTexture name="Signature Stop Sign 40222" x="977" y="4814" width="552" height="961" frameX="-362" frameY="-464" frameWidth="1250" frameHeight="2250"/>
	<SubTexture name="Signature Stop Sign 40223" x="1539" y="4814" width="503" height="982" frameX="-481" frameY="-440" frameWidth="1250" frameHeight="2250"/>
	<SubTexture name="Signature Stop Sign 40224" x="6544" y="3811" width="503" height="982" frameX="-539" frameY="-487" frameWidth="1250" frameHeight="2250"/>
	<SubTexture name="Signature Stop Sign 40225" x="7057" y="3811" width="493" height="986" frameX="-564" frameY="-486" frameWidth="1250" frameHeight="2250"/>
	<SubTexture name="Signature Stop Sign 40226" x="7560" y="3811" width="475" height="993" frameX="-591" frameY="-495" frameWidth="1250" frameHeight="2250"/>
	<SubTexture name="Signature Stop Sign 40227" x="5" y="4814" width="427" height="1008" frameX="-646" frameY="-620" frameWidth="1250" frameHeight="2250"/>
	<SubTexture name="Signature Stop Sign 40228" x="4506" y="2367" width="479" height="992" frameX="-492" frameY="-700" frameWidth="1250" frameHeight="2250"/>
	<SubTexture name="Signature Stop Sign 40229" x="4506" y="2367" width="479" height="992" frameX="-333" frameY="-795" frameWidth="1250" frameHeight="2250"/>
	<SubTexture name="Signature Stop Sign 40230" x="4506" y="2367" width="479" height="992" frameX="-162" frameY="-905" frameWidth="1250" frameHeight="2250"/>
	<SubTexture name="Signature Stop Sign 40231" x="4506" y="2367" width="479" height="992" frameX="0" frameY="-997" frameWidth="1250" frameHeight="2250"/>
	<SubTexture name="Signature Stop Sign 40232" x="4506" y="2367" width="479" height="992" frameX="0" frameY="-997" frameWidth="1250" frameHeight="2250"/>
	<SubTexture name="Signature Stop Sign 40233" x="4506" y="2367" width="479" height="992" frameX="0" frameY="-997" frameWidth="1250" frameHeight="2250"/>
</TextureAtlas>
