﻿<?xml version="1.0" encoding="utf-8"?>
<TextureAtlas imagePath="intro.png">
	<!-- Created with Adobe Animate version 21.0.3.38773 -->
	<!-- http://www.adobe.com/products/animate.html -->
	<SubTexture name="Symbol 30000" x="10" y="10" width="0" height="0" frameX="-181" frameY="48" frameWidth="858" frameHeight="710"/>
	<SubTexture name="Symbol 30001" x="10" y="10" width="0" height="0" frameX="-181" frameY="48" frameWidth="858" frameHeight="710"/>
	<SubTexture name="Symbol 30002" x="10" y="10" width="0" height="0" frameX="-181" frameY="48" frameWidth="858" frameHeight="710"/>
	<SubTexture name="Symbol 30003" x="10" y="10" width="0" height="0" frameX="-181" frameY="48" frameWidth="858" frameHeight="710"/>
	<SubTexture name="Symbol 30004" x="10" y="10" width="0" height="0" frameX="-181" frameY="48" frameWidth="858" frameHeight="710"/>
	<SubTexture name="Symbol 30005" x="10" y="10" width="0" height="0" frameX="-181" frameY="48" frameWidth="858" frameHeight="710"/>
	<SubTexture name="Symbol 30006" x="10" y="10" width="0" height="0" frameX="-181" frameY="48" frameWidth="858" frameHeight="710"/>
	<SubTexture name="Symbol 30007" x="10" y="10" width="0" height="0" frameX="-181" frameY="48" frameWidth="858" frameHeight="710"/>
	<SubTexture name="Symbol 30008" x="10" y="10" width="0" height="0" frameX="-181" frameY="48" frameWidth="858" frameHeight="710"/>
	<SubTexture name="Symbol 30009" x="10" y="10" width="0" height="0" frameX="-181" frameY="48" frameWidth="858" frameHeight="710"/>
	<SubTexture name="Symbol 30010" x="10" y="10" width="0" height="0" frameX="-181" frameY="48" frameWidth="858" frameHeight="710"/>
	<SubTexture name="Symbol 30011" x="10" y="10" width="0" height="0" frameX="-181" frameY="48" frameWidth="858" frameHeight="710"/>
	<SubTexture name="Symbol 30012" x="10" y="10" width="0" height="0" frameX="-181" frameY="48" frameWidth="858" frameHeight="710"/>
	<SubTexture name="Symbol 30013" x="10" y="10" width="0" height="0" frameX="-181" frameY="48" frameWidth="858" frameHeight="710"/>
	<SubTexture name="Symbol 30014" x="10" y="10" width="0" height="0" frameX="-181" frameY="48" frameWidth="858" frameHeight="710"/>
	<SubTexture name="Symbol 30015" x="10" y="10" width="0" height="0" frameX="-181" frameY="48" frameWidth="858" frameHeight="710"/>
	<SubTexture name="Symbol 30016" x="10" y="10" width="0" height="0" frameX="-181" frameY="48" frameWidth="858" frameHeight="710"/>
	<SubTexture name="Symbol 30017" x="10" y="10" width="0" height="0" frameX="-181" frameY="48" frameWidth="858" frameHeight="710"/>
	<SubTexture name="Symbol 30018" x="10" y="10" width="0" height="0" frameX="-181" frameY="48" frameWidth="858" frameHeight="710"/>
	<SubTexture name="Symbol 30019" x="10" y="10" width="0" height="0" frameX="-181" frameY="48" frameWidth="858" frameHeight="710"/>
	<SubTexture name="Symbol 30020" x="10" y="10" width="0" height="0" frameX="-181" frameY="48" frameWidth="858" frameHeight="710"/>
	<SubTexture name="Symbol 30021" x="10" y="10" width="0" height="0" frameX="-181" frameY="48" frameWidth="858" frameHeight="710"/>
	<SubTexture name="Symbol 30022" x="10" y="10" width="0" height="0" frameX="-181" frameY="48" frameWidth="858" frameHeight="710"/>
	<SubTexture name="Symbol 30023" x="10" y="10" width="0" height="0" frameX="-181" frameY="48" frameWidth="858" frameHeight="710"/>
	<SubTexture name="Symbol 30024" x="10" y="10" width="0" height="0" frameX="-181" frameY="48" frameWidth="858" frameHeight="710"/>
	<SubTexture name="Symbol 30025" x="10" y="10" width="0" height="0" frameX="-181" frameY="48" frameWidth="858" frameHeight="710"/>
	<SubTexture name="Symbol 30026" x="10" y="10" width="0" height="0" frameX="-181" frameY="48" frameWidth="858" frameHeight="710"/>
	<SubTexture name="Symbol 30027" x="10" y="10" width="0" height="0" frameX="-181" frameY="48" frameWidth="858" frameHeight="710"/>
	<SubTexture name="Symbol 30028" x="10" y="10" width="0" height="0" frameX="-181" frameY="48" frameWidth="858" frameHeight="710"/>
	<SubTexture name="Symbol 30029" x="10" y="10" width="0" height="0" frameX="-181" frameY="48" frameWidth="858" frameHeight="710"/>
	<SubTexture name="Symbol 30030" x="10" y="10" width="0" height="0" frameX="-181" frameY="48" frameWidth="858" frameHeight="710"/>
	<SubTexture name="Symbol 30031" x="10" y="10" width="0" height="0" frameX="-181" frameY="48" frameWidth="858" frameHeight="710"/>
	<SubTexture name="Symbol 30032" x="10" y="10" width="0" height="0" frameX="-181" frameY="48" frameWidth="858" frameHeight="710"/>
	<SubTexture name="Symbol 30033" x="10" y="10" width="0" height="0" frameX="-181" frameY="48" frameWidth="858" frameHeight="710"/>
	<SubTexture name="Symbol 30034" x="10" y="10" width="0" height="0" frameX="-181" frameY="48" frameWidth="858" frameHeight="710"/>
	<SubTexture name="Symbol 30035" x="10" y="10" width="0" height="0" frameX="-181" frameY="48" frameWidth="858" frameHeight="710"/>
	<SubTexture name="Symbol 30036" x="10" y="10" width="0" height="0" frameX="-181" frameY="48" frameWidth="858" frameHeight="710"/>
	<SubTexture name="Symbol 30037" x="10" y="10" width="0" height="0" frameX="-181" frameY="48" frameWidth="858" frameHeight="710"/>
	<SubTexture name="Symbol 30038" x="10" y="10" width="0" height="0" frameX="-181" frameY="48" frameWidth="858" frameHeight="710"/>
	<SubTexture name="Symbol 30039" x="10" y="10" width="0" height="0" frameX="-181" frameY="48" frameWidth="858" frameHeight="710"/>
	<SubTexture name="Symbol 30040" x="10" y="10" width="0" height="0" frameX="-181" frameY="48" frameWidth="858" frameHeight="710"/>
	<SubTexture name="Symbol 30041" x="10" y="10" width="0" height="0" frameX="-181" frameY="48" frameWidth="858" frameHeight="710"/>
	<SubTexture name="Symbol 30042" x="10" y="10" width="0" height="0" frameX="-181" frameY="48" frameWidth="858" frameHeight="710"/>
	<SubTexture name="Symbol 30043" x="10" y="10" width="0" height="0" frameX="-181" frameY="48" frameWidth="858" frameHeight="710"/>
	<SubTexture name="Symbol 30044" x="10" y="10" width="0" height="0" frameX="-181" frameY="48" frameWidth="858" frameHeight="710"/>
	<SubTexture name="Symbol 30045" x="10" y="10" width="0" height="0" frameX="-181" frameY="48" frameWidth="858" frameHeight="710"/>
	<SubTexture name="Symbol 30046" x="10" y="10" width="0" height="0" frameX="-181" frameY="48" frameWidth="858" frameHeight="710"/>
	<SubTexture name="Symbol 30047" x="10" y="10" width="0" height="0" frameX="-181" frameY="48" frameWidth="858" frameHeight="710"/>
	<SubTexture name="Symbol 30048" x="10" y="10" width="0" height="0" frameX="-181" frameY="48" frameWidth="858" frameHeight="710"/>
	<SubTexture name="Symbol 30049" x="10" y="10" width="0" height="0" frameX="-181" frameY="48" frameWidth="858" frameHeight="710"/>
	<SubTexture name="Symbol 30050" x="10" y="10" width="0" height="0" frameX="-181" frameY="48" frameWidth="858" frameHeight="710"/>
	<SubTexture name="Symbol 30051" x="10" y="10" width="0" height="0" frameX="-181" frameY="48" frameWidth="858" frameHeight="710"/>
	<SubTexture name="Symbol 30052" x="10" y="10" width="0" height="0" frameX="-181" frameY="48" frameWidth="858" frameHeight="710"/>
	<SubTexture name="Symbol 30053" x="10" y="10" width="0" height="0" frameX="-181" frameY="48" frameWidth="858" frameHeight="710"/>
	<SubTexture name="Symbol 30054" x="10" y="10" width="0" height="0" frameX="-181" frameY="48" frameWidth="858" frameHeight="710"/>
	<SubTexture name="Symbol 30055" x="10" y="10" width="0" height="0" frameX="-181" frameY="48" frameWidth="858" frameHeight="710"/>
	<SubTexture name="Symbol 30056" x="10" y="10" width="0" height="0" frameX="-181" frameY="48" frameWidth="858" frameHeight="710"/>
	<SubTexture name="Symbol 30057" x="10" y="10" width="0" height="0" frameX="-181" frameY="48" frameWidth="858" frameHeight="710"/>
	<SubTexture name="Symbol 30058" x="10" y="10" width="0" height="0" frameX="-181" frameY="48" frameWidth="858" frameHeight="710"/>
	<SubTexture name="Symbol 30059" x="10" y="10" width="0" height="0" frameX="-181" frameY="48" frameWidth="858" frameHeight="710"/>
	<SubTexture name="Symbol 30060" x="10" y="10" width="0" height="0" frameX="-181" frameY="48" frameWidth="858" frameHeight="710"/>
	<SubTexture name="Symbol 30061" x="10" y="10" width="0" height="0" frameX="-181" frameY="48" frameWidth="858" frameHeight="710"/>
	<SubTexture name="Symbol 30062" x="10" y="10" width="0" height="0" frameX="-181" frameY="48" frameWidth="858" frameHeight="710"/>
	<SubTexture name="Symbol 30063" x="10" y="10" width="0" height="0" frameX="-181" frameY="48" frameWidth="858" frameHeight="710"/>
	<SubTexture name="Symbol 30064" x="10" y="10" width="0" height="0" frameX="-181" frameY="48" frameWidth="858" frameHeight="710"/>
	<SubTexture name="Symbol 30065" x="10" y="10" width="0" height="0" frameX="-181" frameY="48" frameWidth="858" frameHeight="710"/>
	<SubTexture name="Symbol 30066" x="10" y="10" width="0" height="0" frameX="-181" frameY="48" frameWidth="858" frameHeight="710"/>
	<SubTexture name="Symbol 30067" x="10" y="10" width="0" height="0" frameX="-181" frameY="48" frameWidth="858" frameHeight="710"/>
	<SubTexture name="Symbol 30068" x="10" y="10" width="0" height="0" frameX="-181" frameY="48" frameWidth="858" frameHeight="710"/>
	<SubTexture name="Symbol 30069" x="10" y="10" width="0" height="0" frameX="-181" frameY="48" frameWidth="858" frameHeight="710"/>
	<SubTexture name="Symbol 30070" x="10" y="10" width="0" height="0" frameX="-181" frameY="48" frameWidth="858" frameHeight="710"/>
	<SubTexture name="Symbol 30071" x="10" y="10" width="0" height="0" frameX="-181" frameY="48" frameWidth="858" frameHeight="710"/>
	<SubTexture name="Symbol 30072" x="10" y="10" width="0" height="0" frameX="-181" frameY="48" frameWidth="858" frameHeight="710"/>
	<SubTexture name="Symbol 30073" x="10" y="10" width="0" height="0" frameX="-181" frameY="48" frameWidth="858" frameHeight="710"/>
	<SubTexture name="Symbol 30074" x="10" y="10" width="0" height="0" frameX="-181" frameY="48" frameWidth="858" frameHeight="710"/>
	<SubTexture name="Symbol 30075" x="10" y="10" width="0" height="0" frameX="-181" frameY="48" frameWidth="858" frameHeight="710"/>
	<SubTexture name="Symbol 30076" x="10" y="10" width="0" height="0" frameX="-181" frameY="48" frameWidth="858" frameHeight="710"/>
	<SubTexture name="Symbol 30077" x="10" y="10" width="0" height="0" frameX="-181" frameY="48" frameWidth="858" frameHeight="710"/>
	<SubTexture name="Symbol 30078" x="10" y="10" width="0" height="0" frameX="-181" frameY="48" frameWidth="858" frameHeight="710"/>
	<SubTexture name="Symbol 30079" x="10" y="10" width="0" height="0" frameX="-181" frameY="48" frameWidth="858" frameHeight="710"/>
	<SubTexture name="Symbol 30080" x="10" y="10" width="0" height="0" frameX="-181" frameY="48" frameWidth="858" frameHeight="710"/>
	<SubTexture name="Symbol 30081" x="20" y="10" width="268" height="662" frameX="0" frameY="-48" frameWidth="858" frameHeight="710"/>
	<SubTexture name="Symbol 30082" x="298" y="10" width="310" height="669" frameX="-136" frameY="-41" frameWidth="858" frameHeight="710"/>
	<SubTexture name="Symbol 30083" x="618" y="10" width="499" height="710" frameX="-136" frameY="0" frameWidth="858" frameHeight="710"/>
	<SubTexture name="Symbol 30084" x="1127" y="10" width="722" height="696" frameX="-136" frameY="-14" frameWidth="858" frameHeight="710"/>
	<SubTexture name="Symbol 30085" x="1127" y="10" width="722" height="696" frameX="-136" frameY="-14" frameWidth="858" frameHeight="710"/>
	<SubTexture name="Symbol 30086" x="1127" y="10" width="722" height="696" frameX="-136" frameY="-14" frameWidth="858" frameHeight="710"/>
	<SubTexture name="Symbol 30087" x="1127" y="10" width="722" height="696" frameX="-136" frameY="-14" frameWidth="858" frameHeight="710"/>
	<SubTexture name="Symbol 30088" x="1127" y="10" width="722" height="696" frameX="-136" frameY="-14" frameWidth="858" frameHeight="710"/>
	<SubTexture name="Symbol 30089" x="1127" y="10" width="722" height="696" frameX="-136" frameY="-14" frameWidth="858" frameHeight="710"/>
	<SubTexture name="Symbol 30090" x="1127" y="10" width="722" height="696" frameX="-136" frameY="-14" frameWidth="858" frameHeight="710"/>
	<SubTexture name="Symbol 30091" x="1127" y="10" width="722" height="696" frameX="-136" frameY="-14" frameWidth="858" frameHeight="710"/>
	<SubTexture name="Symbol 30092" x="1127" y="10" width="722" height="696" frameX="-136" frameY="-14" frameWidth="858" frameHeight="710"/>
	<SubTexture name="Symbol 30093" x="1127" y="10" width="722" height="696" frameX="-136" frameY="-14" frameWidth="858" frameHeight="710"/>
	<SubTexture name="Symbol 30094" x="1127" y="10" width="722" height="696" frameX="-136" frameY="-14" frameWidth="858" frameHeight="710"/>
	<SubTexture name="Symbol 30095" x="1127" y="10" width="722" height="696" frameX="-136" frameY="-14" frameWidth="858" frameHeight="710"/>
	<SubTexture name="Symbol 30096" x="1127" y="10" width="722" height="696" frameX="-136" frameY="-14" frameWidth="858" frameHeight="710"/>
	<SubTexture name="Symbol 30097" x="1127" y="10" width="722" height="696" frameX="-136" frameY="-14" frameWidth="858" frameHeight="710"/>
	<SubTexture name="Symbol 30098" x="1127" y="10" width="722" height="696" frameX="-136" frameY="-14" frameWidth="858" frameHeight="710"/>
	<SubTexture name="Symbol 30099" x="1127" y="10" width="722" height="696" frameX="-136" frameY="-14" frameWidth="858" frameHeight="710"/>
	<SubTexture name="Symbol 30100" x="1127" y="10" width="722" height="696" frameX="-136" frameY="-14" frameWidth="858" frameHeight="710"/>
	<SubTexture name="Symbol 30101" x="1127" y="10" width="722" height="696" frameX="-136" frameY="-14" frameWidth="858" frameHeight="710"/>
	<SubTexture name="Symbol 30102" x="1127" y="10" width="722" height="696" frameX="-136" frameY="-14" frameWidth="858" frameHeight="710"/>
	<SubTexture name="Symbol 30103" x="1127" y="10" width="722" height="696" frameX="-136" frameY="-14" frameWidth="858" frameHeight="710"/>
	<SubTexture name="Symbol 30104" x="1127" y="10" width="722" height="696" frameX="-136" frameY="-14" frameWidth="858" frameHeight="710"/>
	<SubTexture name="Symbol 30105" x="1127" y="10" width="722" height="696" frameX="-136" frameY="-14" frameWidth="858" frameHeight="710"/>
	<SubTexture name="Symbol 30106" x="1127" y="10" width="722" height="696" frameX="-136" frameY="-14" frameWidth="858" frameHeight="710"/>
	<SubTexture name="Symbol 30107" x="1127" y="10" width="722" height="696" frameX="-136" frameY="-14" frameWidth="858" frameHeight="710"/>
	<SubTexture name="Symbol 30108" x="1127" y="10" width="722" height="696" frameX="-136" frameY="-14" frameWidth="858" frameHeight="710"/>
	<SubTexture name="Symbol 30109" x="1127" y="10" width="722" height="696" frameX="-136" frameY="-14" frameWidth="858" frameHeight="710"/>
	<SubTexture name="Symbol 30110" x="1127" y="10" width="722" height="696" frameX="-136" frameY="-14" frameWidth="858" frameHeight="710"/>
	<SubTexture name="Symbol 30111" x="1127" y="10" width="722" height="696" frameX="-136" frameY="-14" frameWidth="858" frameHeight="710"/>
	<SubTexture name="Symbol 30112" x="1127" y="10" width="722" height="696" frameX="-136" frameY="-14" frameWidth="858" frameHeight="710"/>
	<SubTexture name="Symbol 30113" x="1127" y="10" width="722" height="696" frameX="-136" frameY="-14" frameWidth="858" frameHeight="710"/>
	<SubTexture name="Symbol 30114" x="1127" y="10" width="722" height="696" frameX="-136" frameY="-14" frameWidth="858" frameHeight="710"/>
	<SubTexture name="Symbol 30115" x="1127" y="10" width="722" height="696" frameX="-136" frameY="-14" frameWidth="858" frameHeight="710"/>
	<SubTexture name="Symbol 30116" x="1127" y="10" width="722" height="696" frameX="-136" frameY="-14" frameWidth="858" frameHeight="710"/>
	<SubTexture name="Symbol 30117" x="1127" y="10" width="722" height="696" frameX="-136" frameY="-14" frameWidth="858" frameHeight="710"/>
	<SubTexture name="Symbol 30118" x="1127" y="10" width="722" height="696" frameX="-136" frameY="-14" frameWidth="858" frameHeight="710"/>
	<SubTexture name="Symbol 30119" x="1127" y="10" width="722" height="696" frameX="-136" frameY="-14" frameWidth="858" frameHeight="710"/>
	<SubTexture name="Symbol 30120" x="1127" y="10" width="722" height="696" frameX="-136" frameY="-14" frameWidth="858" frameHeight="710"/>
	<SubTexture name="Symbol 30121" x="1127" y="10" width="722" height="696" frameX="-136" frameY="-14" frameWidth="858" frameHeight="710"/>
	<SubTexture name="Symbol 30122" x="1127" y="10" width="722" height="696" frameX="-136" frameY="-14" frameWidth="858" frameHeight="710"/>
	<SubTexture name="Symbol 30123" x="1127" y="10" width="722" height="696" frameX="-136" frameY="-14" frameWidth="858" frameHeight="710"/>
	<SubTexture name="Symbol 30124" x="1127" y="10" width="722" height="696" frameX="-136" frameY="-14" frameWidth="858" frameHeight="710"/>
	<SubTexture name="Symbol 30125" x="1859" y="10" width="722" height="696" frameX="-136" frameY="-14" frameWidth="858" frameHeight="710"/>
	<SubTexture name="Symbol 30126" x="2591" y="10" width="722" height="696" frameX="-136" frameY="-14" frameWidth="858" frameHeight="710"/>
	<SubTexture name="Symbol 30127" x="3323" y="10" width="722" height="696" frameX="-136" frameY="-14" frameWidth="858" frameHeight="710"/>
	<SubTexture name="Symbol 30128" x="4055" y="10" width="722" height="696" frameX="-136" frameY="-14" frameWidth="858" frameHeight="710"/>
	<SubTexture name="Symbol 30129" x="4787" y="10" width="722" height="696" frameX="-136" frameY="-14" frameWidth="858" frameHeight="710"/>
	<SubTexture name="Symbol 30130" x="5519" y="10" width="722" height="696" frameX="-136" frameY="-14" frameWidth="858" frameHeight="710"/>
	<SubTexture name="Symbol 30131" x="6251" y="10" width="722" height="696" frameX="-136" frameY="-14" frameWidth="858" frameHeight="710"/>
	<SubTexture name="Symbol 30132" x="6983" y="10" width="722" height="696" frameX="-136" frameY="-14" frameWidth="858" frameHeight="710"/>
	<SubTexture name="Symbol 30133" x="10" y="730" width="722" height="696" frameX="-136" frameY="-14" frameWidth="858" frameHeight="710"/>
	<SubTexture name="Symbol 30134" x="742" y="730" width="722" height="696" frameX="-136" frameY="-14" frameWidth="858" frameHeight="710"/>
	<SubTexture name="Symbol 30135" x="1474" y="730" width="722" height="696" frameX="-136" frameY="-14" frameWidth="858" frameHeight="710"/>
	<SubTexture name="Symbol 30136" x="2206" y="730" width="722" height="696" frameX="-136" frameY="-14" frameWidth="858" frameHeight="710"/>
	<SubTexture name="Symbol 30137" x="2938" y="730" width="722" height="696" frameX="-136" frameY="-14" frameWidth="858" frameHeight="710"/>
	<SubTexture name="Symbol 30138" x="3670" y="730" width="722" height="696" frameX="-136" frameY="-14" frameWidth="858" frameHeight="710"/>
	<SubTexture name="Symbol 30139" x="4402" y="730" width="722" height="696" frameX="-136" frameY="-14" frameWidth="858" frameHeight="710"/>
	<SubTexture name="Symbol 30140" x="5134" y="730" width="722" height="696" frameX="-136" frameY="-14" frameWidth="858" frameHeight="710"/>
	<SubTexture name="Symbol 30141" x="5866" y="730" width="722" height="696" frameX="-136" frameY="-14" frameWidth="858" frameHeight="710"/>
	<SubTexture name="Symbol 30142" x="6598" y="730" width="722" height="696" frameX="-136" frameY="-14" frameWidth="858" frameHeight="710"/>
	<SubTexture name="Symbol 30143" x="7330" y="730" width="722" height="696" frameX="-136" frameY="-14" frameWidth="858" frameHeight="710"/>
	<SubTexture name="Symbol 30144" x="10" y="1436" width="722" height="696" frameX="-136" frameY="-14" frameWidth="858" frameHeight="710"/>
	<SubTexture name="Symbol 30145" x="742" y="1436" width="722" height="696" frameX="-136" frameY="-14" frameWidth="858" frameHeight="710"/>
	<SubTexture name="Symbol 30146" x="1474" y="1436" width="722" height="696" frameX="-136" frameY="-14" frameWidth="858" frameHeight="710"/>
	<SubTexture name="Symbol 30147" x="2206" y="1436" width="722" height="696" frameX="-136" frameY="-14" frameWidth="858" frameHeight="710"/>
	<SubTexture name="Symbol 30148" x="2938" y="1436" width="722" height="696" frameX="-136" frameY="-14" frameWidth="858" frameHeight="710"/>
	<SubTexture name="Symbol 30149" x="2938" y="1436" width="722" height="696" frameX="-136" frameY="-14" frameWidth="858" frameHeight="710"/>
	<SubTexture name="Symbol 30150" x="2938" y="1436" width="722" height="696" frameX="-136" frameY="-14" frameWidth="858" frameHeight="710"/>
	<SubTexture name="Symbol 30151" x="2938" y="1436" width="722" height="696" frameX="-136" frameY="-14" frameWidth="858" frameHeight="710"/>
	<SubTexture name="Symbol 30152" x="2938" y="1436" width="722" height="696" frameX="-136" frameY="-14" frameWidth="858" frameHeight="710"/>
	<SubTexture name="Symbol 30153" x="2938" y="1436" width="722" height="696" frameX="-136" frameY="-14" frameWidth="858" frameHeight="710"/>
	<SubTexture name="Symbol 30154" x="3670" y="1436" width="722" height="696" frameX="-136" frameY="-14" frameWidth="858" frameHeight="710"/>
	<SubTexture name="Symbol 30155" x="4402" y="1436" width="722" height="696" frameX="-136" frameY="-14" frameWidth="858" frameHeight="710"/>
	<SubTexture name="Symbol 30156" x="5134" y="1436" width="722" height="696" frameX="-136" frameY="-14" frameWidth="858" frameHeight="710"/>
	<SubTexture name="Symbol 30157" x="5866" y="1436" width="722" height="696" frameX="-136" frameY="-14" frameWidth="858" frameHeight="710"/>
	<SubTexture name="Symbol 30158" x="6598" y="1436" width="722" height="696" frameX="-136" frameY="-14" frameWidth="858" frameHeight="710"/>
	<SubTexture name="Symbol 30159" x="7330" y="1436" width="722" height="696" frameX="-136" frameY="-14" frameWidth="858" frameHeight="710"/>
	<SubTexture name="Symbol 30160" x="10" y="2142" width="722" height="696" frameX="-136" frameY="-14" frameWidth="858" frameHeight="710"/>
	<SubTexture name="Symbol 30161" x="10" y="2142" width="722" height="696" frameX="-136" frameY="-14" frameWidth="858" frameHeight="710"/>
	<SubTexture name="Symbol 30162" x="10" y="2142" width="722" height="696" frameX="-136" frameY="-14" frameWidth="858" frameHeight="710"/>
	<SubTexture name="Symbol 30163" x="10" y="2142" width="722" height="696" frameX="-136" frameY="-14" frameWidth="858" frameHeight="710"/>
	<SubTexture name="Symbol 30164" x="10" y="2142" width="722" height="696" frameX="-136" frameY="-14" frameWidth="858" frameHeight="710"/>
	<SubTexture name="Symbol 30165" x="10" y="2142" width="722" height="696" frameX="-136" frameY="-14" frameWidth="858" frameHeight="710"/>
	<SubTexture name="Symbol 30166" x="10" y="2142" width="722" height="696" frameX="-136" frameY="-14" frameWidth="858" frameHeight="710"/>
	<SubTexture name="Symbol 30167" x="10" y="2142" width="722" height="696" frameX="-136" frameY="-14" frameWidth="858" frameHeight="710"/>
	<SubTexture name="Symbol 30168" x="10" y="2142" width="722" height="696" frameX="-136" frameY="-14" frameWidth="858" frameHeight="710"/>
	<SubTexture name="Symbol 30169" x="10" y="2142" width="722" height="696" frameX="-136" frameY="-14" frameWidth="858" frameHeight="710"/>
	<SubTexture name="Symbol 30170" x="10" y="2142" width="722" height="696" frameX="-136" frameY="-14" frameWidth="858" frameHeight="710"/>
	<SubTexture name="Symbol 30171" x="10" y="2142" width="722" height="696" frameX="-136" frameY="-14" frameWidth="858" frameHeight="710"/>
	<SubTexture name="Symbol 30172" x="10" y="2142" width="722" height="696" frameX="-136" frameY="-14" frameWidth="858" frameHeight="710"/>
	<SubTexture name="Symbol 30173" x="10" y="2142" width="722" height="696" frameX="-136" frameY="-14" frameWidth="858" frameHeight="710"/>
	<SubTexture name="Symbol 30174" x="10" y="2142" width="722" height="696" frameX="-136" frameY="-14" frameWidth="858" frameHeight="710"/>
	<SubTexture name="Symbol 30175" x="742" y="2142" width="722" height="696" frameX="-136" frameY="-14" frameWidth="858" frameHeight="710"/>
	<SubTexture name="Symbol 30176" x="1474" y="2142" width="722" height="696" frameX="-136" frameY="-14" frameWidth="858" frameHeight="710"/>
	<SubTexture name="Symbol 30177" x="2206" y="2142" width="722" height="696" frameX="-136" frameY="-14" frameWidth="858" frameHeight="710"/>
	<SubTexture name="Symbol 30178" x="2938" y="2142" width="722" height="696" frameX="-136" frameY="-14" frameWidth="858" frameHeight="710"/>
	<SubTexture name="Symbol 30179" x="3670" y="2142" width="722" height="696" frameX="-136" frameY="-14" frameWidth="858" frameHeight="710"/>
	<SubTexture name="Symbol 30180" x="4402" y="2142" width="722" height="696" frameX="-136" frameY="-14" frameWidth="858" frameHeight="710"/>
	<SubTexture name="Symbol 30181" x="5134" y="2142" width="722" height="696" frameX="-136" frameY="-14" frameWidth="858" frameHeight="710"/>
	<SubTexture name="Symbol 30182" x="5866" y="2142" width="722" height="696" frameX="-136" frameY="-14" frameWidth="858" frameHeight="710"/>
	<SubTexture name="Symbol 30183" x="6598" y="2142" width="722" height="696" frameX="-136" frameY="-14" frameWidth="858" frameHeight="710"/>
	<SubTexture name="Symbol 30184" x="7330" y="2142" width="722" height="696" frameX="-136" frameY="-14" frameWidth="858" frameHeight="710"/>
	<SubTexture name="Symbol 30185" x="10" y="2848" width="722" height="696" frameX="-136" frameY="-14" frameWidth="858" frameHeight="710"/>
	<SubTexture name="Symbol 30186" x="742" y="2848" width="722" height="696" frameX="-136" frameY="-14" frameWidth="858" frameHeight="710"/>
	<SubTexture name="Symbol 30187" x="1474" y="2848" width="722" height="696" frameX="-136" frameY="-14" frameWidth="858" frameHeight="710"/>
	<SubTexture name="Symbol 30188" x="2206" y="2848" width="722" height="696" frameX="-136" frameY="-14" frameWidth="858" frameHeight="710"/>
	<SubTexture name="Symbol 30189" x="2938" y="2848" width="722" height="696" frameX="-136" frameY="-14" frameWidth="858" frameHeight="710"/>
	<SubTexture name="Symbol 30190" x="3670" y="2848" width="722" height="696" frameX="-136" frameY="-14" frameWidth="858" frameHeight="710"/>
	<SubTexture name="Symbol 30191" x="4402" y="2848" width="722" height="696" frameX="-136" frameY="-14" frameWidth="858" frameHeight="710"/>
	<SubTexture name="Symbol 30192" x="4402" y="2848" width="722" height="696" frameX="-136" frameY="-14" frameWidth="858" frameHeight="710"/>
	<SubTexture name="Symbol 30193" x="5134" y="2848" width="722" height="696" frameX="-136" frameY="-14" frameWidth="858" frameHeight="710"/>
	<SubTexture name="Symbol 30194" x="5134" y="2848" width="722" height="696" frameX="-136" frameY="-14" frameWidth="858" frameHeight="710"/>
	<SubTexture name="Symbol 30195" x="5134" y="2848" width="722" height="696" frameX="-136" frameY="-14" frameWidth="858" frameHeight="710"/>
	<SubTexture name="Symbol 30196" x="5134" y="2848" width="722" height="696" frameX="-136" frameY="-14" frameWidth="858" frameHeight="710"/>
	<SubTexture name="Symbol 30197" x="5134" y="2848" width="722" height="696" frameX="-136" frameY="-14" frameWidth="858" frameHeight="710"/>
	<SubTexture name="Symbol 30198" x="5134" y="2848" width="722" height="696" frameX="-136" frameY="-14" frameWidth="858" frameHeight="710"/>
	<SubTexture name="Symbol 30199" x="5134" y="2848" width="722" height="696" frameX="-136" frameY="-14" frameWidth="858" frameHeight="710"/>
	<SubTexture name="Symbol 30200" x="5134" y="2848" width="722" height="696" frameX="-136" frameY="-14" frameWidth="858" frameHeight="710"/>
	<SubTexture name="Symbol 30201" x="5134" y="2848" width="722" height="696" frameX="-136" frameY="-14" frameWidth="858" frameHeight="710"/>
	<SubTexture name="Symbol 30202" x="5866" y="2848" width="722" height="696" frameX="-136" frameY="-14" frameWidth="858" frameHeight="710"/>
	<SubTexture name="Symbol 30203" x="6598" y="2848" width="722" height="696" frameX="-136" frameY="-14" frameWidth="858" frameHeight="710"/>
	<SubTexture name="Symbol 30204" x="7330" y="2848" width="722" height="696" frameX="-136" frameY="-14" frameWidth="858" frameHeight="710"/>
	<SubTexture name="Symbol 30205" x="10" y="3554" width="722" height="696" frameX="-136" frameY="-14" frameWidth="858" frameHeight="710"/>
	<SubTexture name="Symbol 30206" x="742" y="3554" width="722" height="696" frameX="-136" frameY="-14" frameWidth="858" frameHeight="710"/>
	<SubTexture name="Symbol 30207" x="1474" y="3554" width="722" height="696" frameX="-136" frameY="-14" frameWidth="858" frameHeight="710"/>
	<SubTexture name="Symbol 30208" x="2206" y="3554" width="722" height="696" frameX="-136" frameY="-14" frameWidth="858" frameHeight="710"/>
	<SubTexture name="Symbol 30209" x="2938" y="3554" width="722" height="696" frameX="-136" frameY="-14" frameWidth="858" frameHeight="710"/>
	<SubTexture name="Symbol 30210" x="3670" y="3554" width="722" height="696" frameX="-136" frameY="-14" frameWidth="858" frameHeight="710"/>
	<SubTexture name="Symbol 30211" x="4402" y="3554" width="722" height="696" frameX="-136" frameY="-14" frameWidth="858" frameHeight="710"/>
	<SubTexture name="Symbol 30212" x="5134" y="3554" width="722" height="696" frameX="-136" frameY="-14" frameWidth="858" frameHeight="710"/>
	<SubTexture name="Symbol 30213" x="5866" y="3554" width="722" height="696" frameX="-136" frameY="-14" frameWidth="858" frameHeight="710"/>
	<SubTexture name="Symbol 30214" x="6598" y="3554" width="722" height="696" frameX="-136" frameY="-14" frameWidth="858" frameHeight="710"/>
	<SubTexture name="Symbol 30215" x="7330" y="3554" width="722" height="696" frameX="-136" frameY="-14" frameWidth="858" frameHeight="710"/>
	<SubTexture name="Symbol 30216" x="4402" y="3554" width="722" height="696" frameX="-136" frameY="-14" frameWidth="858" frameHeight="710"/>
	<SubTexture name="Symbol 30217" x="5134" y="3554" width="722" height="696" frameX="-136" frameY="-14" frameWidth="858" frameHeight="710"/>
	<SubTexture name="Symbol 30218" x="5866" y="3554" width="722" height="696" frameX="-136" frameY="-14" frameWidth="858" frameHeight="710"/>
	<SubTexture name="Symbol 30219" x="6598" y="3554" width="722" height="696" frameX="-136" frameY="-14" frameWidth="858" frameHeight="710"/>
	<SubTexture name="Symbol 30220" x="10" y="4260" width="722" height="696" frameX="-136" frameY="-14" frameWidth="858" frameHeight="710"/>
	<SubTexture name="Symbol 30221" x="4402" y="3554" width="722" height="696" frameX="-136" frameY="-14" frameWidth="858" frameHeight="710"/>
	<SubTexture name="Symbol 30222" x="5134" y="3554" width="722" height="696" frameX="-136" frameY="-14" frameWidth="858" frameHeight="710"/>
	<SubTexture name="Symbol 30223" x="5866" y="3554" width="722" height="696" frameX="-136" frameY="-14" frameWidth="858" frameHeight="710"/>
	<SubTexture name="Symbol 30224" x="6598" y="3554" width="722" height="696" frameX="-136" frameY="-14" frameWidth="858" frameHeight="710"/>
	<SubTexture name="Symbol 30225" x="742" y="4260" width="722" height="696" frameX="-136" frameY="-14" frameWidth="858" frameHeight="710"/>
	<SubTexture name="Symbol 30226" x="4402" y="3554" width="722" height="696" frameX="-136" frameY="-14" frameWidth="858" frameHeight="710"/>
	<SubTexture name="Symbol 30227" x="5134" y="3554" width="722" height="696" frameX="-136" frameY="-14" frameWidth="858" frameHeight="710"/>
	<SubTexture name="Symbol 30228" x="5866" y="3554" width="722" height="696" frameX="-136" frameY="-14" frameWidth="858" frameHeight="710"/>
	<SubTexture name="Symbol 30229" x="6598" y="3554" width="722" height="696" frameX="-136" frameY="-14" frameWidth="858" frameHeight="710"/>
	<SubTexture name="Symbol 30230" x="5866" y="3554" width="722" height="696" frameX="-136" frameY="-14" frameWidth="858" frameHeight="710"/>
	<SubTexture name="Symbol 30231" x="6598" y="3554" width="722" height="696" frameX="-136" frameY="-14" frameWidth="858" frameHeight="710"/>
	<SubTexture name="Symbol 30232" x="742" y="4260" width="722" height="696" frameX="-136" frameY="-14" frameWidth="858" frameHeight="710"/>
	<SubTexture name="Symbol 30233" x="4402" y="3554" width="722" height="696" frameX="-136" frameY="-14" frameWidth="858" frameHeight="710"/>
	<SubTexture name="Symbol 30234" x="5134" y="3554" width="722" height="696" frameX="-136" frameY="-14" frameWidth="858" frameHeight="710"/>
	<SubTexture name="Symbol 30235" x="5866" y="3554" width="722" height="696" frameX="-136" frameY="-14" frameWidth="858" frameHeight="710"/>
	<SubTexture name="Symbol 30236" x="6598" y="3554" width="722" height="696" frameX="-136" frameY="-14" frameWidth="858" frameHeight="710"/>
	<SubTexture name="Symbol 30237" x="6598" y="3554" width="722" height="696" frameX="-136" frameY="-14" frameWidth="858" frameHeight="710"/>
	<SubTexture name="Symbol 30238" x="6598" y="3554" width="722" height="696" frameX="-136" frameY="-14" frameWidth="858" frameHeight="710"/>
	<SubTexture name="Symbol 30239" x="6598" y="3554" width="722" height="696" frameX="-136" frameY="-14" frameWidth="858" frameHeight="710"/>
	<SubTexture name="Symbol 30240" x="6598" y="3554" width="722" height="696" frameX="-136" frameY="-14" frameWidth="858" frameHeight="710"/>
	<SubTexture name="Symbol 30241" x="6598" y="3554" width="722" height="696" frameX="-136" frameY="-14" frameWidth="858" frameHeight="710"/>
	<SubTexture name="Symbol 30242" x="6598" y="3554" width="722" height="696" frameX="-136" frameY="-14" frameWidth="858" frameHeight="710"/>
	<SubTexture name="Symbol 30243" x="6598" y="3554" width="722" height="696" frameX="-136" frameY="-14" frameWidth="858" frameHeight="710"/>
	<SubTexture name="Symbol 30244" x="6598" y="3554" width="722" height="696" frameX="-136" frameY="-14" frameWidth="858" frameHeight="710"/>
	<SubTexture name="Symbol 30245" x="6598" y="3554" width="722" height="696" frameX="-136" frameY="-14" frameWidth="858" frameHeight="710"/>
	<SubTexture name="Symbol 30246" x="6598" y="3554" width="722" height="696" frameX="-136" frameY="-14" frameWidth="858" frameHeight="710"/>
</TextureAtlas>
