﻿<?xml version="1.0" encoding="utf-8"?>
<TextureAtlas imagePath="somewhere.png">
	<!-- Created with Adobe Animate version 21.0.3.38773 -->
	<!-- http://www.adobe.com/products/animate.html -->
	<SubTexture name="somewhere idfk0000" x="10" y="10" width="2041" height="229"/>
	<SubTexture name="somewhere idfk0001" x="10" y="249" width="2041" height="229"/>
	<SubTexture name="somewhere idfk0002" x="10" y="488" width="2041" height="229"/>
	<SubTexture name="somewhere idfk0003" x="10" y="727" width="2041" height="229"/>
	<SubTexture name="somewhere idfk0004" x="10" y="966" width="2041" height="229"/>
	<SubTexture name="somewhere idfk0005" x="10" y="1205" width="2041" height="229"/>
	<SubTexture name="somewhere idfk0006" x="10" y="1444" width="2041" height="229"/>
	<SubTexture name="somewhere idfk0007" x="10" y="1683" width="2041" height="229"/>
	<SubTexture name="somewhere idfk0008" x="10" y="1683" width="2041" height="229"/>
	<SubTexture name="somewhere idfk0009" x="10" y="1683" width="2041" height="229"/>
	<SubTexture name="somewhere idfk0010" x="10" y="1683" width="2041" height="229"/>
	<SubTexture name="somewhere idfk0011" x="10" y="1683" width="2041" height="229"/>
	<SubTexture name="somewhere idfk0012" x="10" y="1683" width="2041" height="229"/>
	<SubTexture name="somewhere idfk0013" x="10" y="1683" width="2041" height="229"/>
	<SubTexture name="somewhere idfk0014" x="10" y="1683" width="2041" height="229"/>
	<SubTexture name="somewhere idfk0015" x="10" y="1683" width="2041" height="229"/>
	<SubTexture name="somewhere idfk0016" x="10" y="1683" width="2041" height="229"/>
	<SubTexture name="somewhere idfk0017" x="10" y="1683" width="2041" height="229"/>
	<SubTexture name="somewhere idfk0018" x="10" y="1683" width="2041" height="229"/>
	<SubTexture name="somewhere idfk0019" x="10" y="1683" width="2041" height="229"/>
	<SubTexture name="somewhere idfk0020" x="10" y="1683" width="2041" height="229"/>
	<SubTexture name="somewhere idfk0021" x="10" y="1683" width="2041" height="229"/>
	<SubTexture name="somewhere idfk0022" x="10" y="1683" width="2041" height="229"/>
	<SubTexture name="somewhere idfk0023" x="10" y="1683" width="2041" height="229"/>
	<SubTexture name="somewhere idfk0024" x="10" y="1683" width="2041" height="229"/>
	<SubTexture name="somewhere idfk0025" x="10" y="1683" width="2041" height="229"/>
	<SubTexture name="somewhere idfk0026" x="10" y="1683" width="2041" height="229"/>
	<SubTexture name="somewhere idfk0027" x="10" y="1683" width="2041" height="229"/>
	<SubTexture name="somewhere idfk0028" x="10" y="1683" width="2041" height="229"/>
	<SubTexture name="somewhere idfk0029" x="10" y="1683" width="2041" height="229"/>
	<SubTexture name="somewhere idfk0030" x="10" y="1683" width="2041" height="229"/>
	<SubTexture name="somewhere idfk0031" x="10" y="1683" width="2041" height="229"/>
	<SubTexture name="somewhere idfk0032" x="10" y="1683" width="2041" height="229"/>
	<SubTexture name="somewhere idfk0033" x="10" y="1683" width="2041" height="229"/>
	<SubTexture name="somewhere idfk0034" x="10" y="1683" width="2041" height="229"/>
	<SubTexture name="somewhere idfk0035" x="10" y="1683" width="2041" height="229"/>
	<SubTexture name="somewhere idfk0036" x="10" y="1683" width="2041" height="229"/>
	<SubTexture name="somewhere idfk0037" x="10" y="1683" width="2041" height="229"/>
	<SubTexture name="somewhere idfk0038" x="10" y="1683" width="2041" height="229"/>
	<SubTexture name="somewhere idfk0039" x="10" y="1683" width="2041" height="229"/>
	<SubTexture name="somewhere idfk0040" x="10" y="1922" width="2041" height="229"/>
	<SubTexture name="somewhere idfk0041" x="10" y="2161" width="2041" height="229"/>
	<SubTexture name="somewhere idfk0042" x="10" y="2400" width="2041" height="229"/>
	<SubTexture name="somewhere idfk0043" x="10" y="2639" width="2041" height="229"/>
	<SubTexture name="somewhere idfk0044" x="10" y="2878" width="2041" height="229"/>
	<SubTexture name="somewhere idfk0045" x="10" y="3117" width="2041" height="229"/>
	<SubTexture name="somewhere idfk0046" x="10" y="3356" width="2041" height="229"/>
	<SubTexture name="somewhere idfk0047" x="10" y="3595" width="2041" height="229"/>
	<SubTexture name="somewhere idfk0048" x="10" y="3834" width="2041" height="229"/>
	<SubTexture name="somewhere idfk0049" x="10" y="10" width="2041" height="229"/>
	<SubTexture name="somewhere idfk0050" x="10" y="10" width="2041" height="229"/>
	<SubTexture name="somewhere idfk0051" x="10" y="10" width="2041" height="229"/>
	<SubTexture name="somewhere idfk0052" x="10" y="10" width="2041" height="229"/>
	<SubTexture name="somewhere idfk0053" x="10" y="10" width="2041" height="229"/>
	<SubTexture name="somewhere idfk0054" x="10" y="10" width="2041" height="229"/>
	<SubTexture name="somewhere idfk0055" x="10" y="10" width="2041" height="229"/>
	<SubTexture name="somewhere idfk0056" x="10" y="10" width="2041" height="229"/>
	<SubTexture name="somewhere idfk0057" x="10" y="10" width="2041" height="229"/>
	<SubTexture name="somewhere idfk0058" x="10" y="10" width="2041" height="229"/>
	<SubTexture name="somewhere idfk0059" x="10" y="10" width="2041" height="229"/>
	<SubTexture name="somewhere idfk0060" x="10" y="10" width="2041" height="229"/>
	<SubTexture name="somewhere idfk0061" x="10" y="10" width="2041" height="229"/>
	<SubTexture name="somewhere idfk0062" x="10" y="10" width="2041" height="229"/>
	<SubTexture name="somewhere idfk0063" x="10" y="10" width="2041" height="229"/>
	<SubTexture name="somewhere idfk0064" x="10" y="10" width="2041" height="229"/>
	<SubTexture name="somewhere idfk0065" x="10" y="10" width="2041" height="229"/>
	<SubTexture name="somewhere idfk0066" x="10" y="10" width="2041" height="229"/>
	<SubTexture name="somewhere idfk0067" x="10" y="10" width="2041" height="229"/>
	<SubTexture name="somewhere idfk0068" x="10" y="10" width="2041" height="229"/>
	<SubTexture name="somewhere idfk0069" x="10" y="10" width="2041" height="229"/>
	<SubTexture name="somewhere idfk0070" x="10" y="10" width="2041" height="229"/>
	<SubTexture name="somewhere idfk0071" x="10" y="10" width="2041" height="229"/>
	<SubTexture name="somewhere idfk0072" x="10" y="10" width="2041" height="229"/>
	<SubTexture name="somewhere idfk0073" x="10" y="10" width="2041" height="229"/>
	<SubTexture name="somewhere idfk0074" x="10" y="10" width="2041" height="229"/>
	<SubTexture name="somewhere idfk0075" x="10" y="10" width="2041" height="229"/>
	<SubTexture name="somewhere idfk0076" x="10" y="10" width="2041" height="229"/>
	<SubTexture name="somewhere idfk0077" x="10" y="10" width="2041" height="229"/>
	<SubTexture name="somewhere idfk0078" x="10" y="10" width="2041" height="229"/>
	<SubTexture name="somewhere idfk0079" x="10" y="10" width="2041" height="229"/>
</TextureAtlas>
