<?xml version="1.0" encoding="utf-8"?>
<TextureAtlas imagePath="Hank.png">
<!-- Created with Kades Custom Converter -->
<SubTexture name="Hank0001.png" x="1" y="1" width="329" height="293" frameX="-0" frameY="-0" frameWidth="329" frameHeight="293"/>
<SubTexture name="Hank0002.png" x="332" y="1" width="329" height="293" frameX="-0" frameY="-0" frameWidth="329" frameHeight="293"/>
<SubTexture name="Hank0003.png" x="663" y="1" width="329" height="293" frameX="-0" frameY="-0" frameWidth="329" frameHeight="293"/>
<SubTexture name="Hank0004.png" x="994" y="1" width="329" height="293" frameX="-0" frameY="-0" frameWidth="329" frameHeight="293"/>
<SubTexture name="Hank0005.png" x="1325" y="1" width="329" height="293" frameX="-0" frameY="-0" frameWidth="329" frameHeight="293"/>
<SubTexture name="Hank0006.png" x="1656" y="1" width="329" height="293" frameX="-0" frameY="-0" frameWidth="329" frameHeight="293"/>
<SubTexture name="Hank0007.png" x="1987" y="1" width="329" height="293" frameX="-0" frameY="-0" frameWidth="329" frameHeight="293"/>
<SubTexture name="Hank0008.png" x="1" y="296" width="329" height="293" frameX="-0" frameY="-0" frameWidth="329" frameHeight="293"/>
<SubTexture name="Hank0009.png" x="332" y="296" width="329" height="293" frameX="-0" frameY="-0" frameWidth="329" frameHeight="293"/>
<SubTexture name="Hank0010.png" x="663" y="296" width="329" height="293" frameX="-0" frameY="-0" frameWidth="329" frameHeight="293"/>
<SubTexture name="Hank0011.png" x="994" y="296" width="329" height="293" frameX="-0" frameY="-0" frameWidth="329" frameHeight="293"/>
<SubTexture name="Hank0012.png" x="1325" y="296" width="329" height="293" frameX="-0" frameY="-0" frameWidth="329" frameHeight="293"/>
<SubTexture name="Hank0013.png" x="1656" y="296" width="329" height="293" frameX="-0" frameY="-0" frameWidth="329" frameHeight="293"/>
<SubTexture name="Hank0014.png" x="1987" y="296" width="329" height="293" frameX="-0" frameY="-0" frameWidth="329" frameHeight="293"/>
<SubTexture name="Hank0015.png" x="1" y="591" width="329" height="293" frameX="-0" frameY="-0" frameWidth="329" frameHeight="293"/>
<SubTexture name="Hank0016.png" x="332" y="591" width="329" height="293" frameX="-0" frameY="-0" frameWidth="329" frameHeight="293"/>
<SubTexture name="Hank0017.png" x="663" y="591" width="329" height="293" frameX="-0" frameY="-0" frameWidth="329" frameHeight="293"/>
<SubTexture name="Hank0018.png" x="994" y="591" width="329" height="293" frameX="-0" frameY="-0" frameWidth="329" frameHeight="293"/>
<SubTexture name="Hank0019.png" x="1325" y="591" width="329" height="293" frameX="-0" frameY="-0" frameWidth="329" frameHeight="293"/>
<SubTexture name="Hank0020.png" x="1656" y="591" width="329" height="293" frameX="-0" frameY="-0" frameWidth="329" frameHeight="293"/>
<SubTexture name="Hank0021.png" x="1987" y="591" width="329" height="293" frameX="-0" frameY="-0" frameWidth="329" frameHeight="293"/>
<SubTexture name="Hank0022.png" x="1" y="886" width="329" height="293" frameX="-0" frameY="-0" frameWidth="329" frameHeight="293"/>
<SubTexture name="Hank0023.png" x="332" y="886" width="329" height="293" frameX="-0" frameY="-0" frameWidth="329" frameHeight="293"/>
<SubTexture name="Hank0024.png" x="663" y="886" width="329" height="293" frameX="-0" frameY="-0" frameWidth="329" frameHeight="293"/>
<SubTexture name="Hank0025.png" x="994" y="886" width="329" height="293" frameX="-0" frameY="-0" frameWidth="329" frameHeight="293"/>
<SubTexture name="Hank0026.png" x="1325" y="886" width="329" height="293" frameX="-0" frameY="-0" frameWidth="329" frameHeight="293"/>
<SubTexture name="Hank0027.png" x="1656" y="886" width="329" height="293" frameX="-0" frameY="-0" frameWidth="329" frameHeight="293"/>
<SubTexture name="Hank0028.png" x="1987" y="886" width="329" height="293" frameX="-0" frameY="-0" frameWidth="329" frameHeight="293"/>
<SubTexture name="Hank0029.png" x="1" y="1181" width="329" height="293" frameX="-0" frameY="-0" frameWidth="329" frameHeight="293"/>
<SubTexture name="Hank0030.png" x="332" y="1181" width="329" height="293" frameX="-0" frameY="-0" frameWidth="329" frameHeight="293"/>
<SubTexture name="Hank0031.png" x="663" y="1181" width="329" height="293" frameX="-0" frameY="-0" frameWidth="329" frameHeight="293"/>
<SubTexture name="Hank0032.png" x="994" y="1181" width="329" height="293" frameX="-0" frameY="-0" frameWidth="329" frameHeight="293"/>
<SubTexture name="Hank0033.png" x="1325" y="1181" width="329" height="293" frameX="-0" frameY="-0" frameWidth="329" frameHeight="293"/>
<SubTexture name="Hank0034.png" x="1656" y="1181" width="329" height="293" frameX="-0" frameY="-0" frameWidth="329" frameHeight="293"/>
<SubTexture name="Hank0035.png" x="1987" y="1181" width="329" height="293" frameX="-0" frameY="-0" frameWidth="329" frameHeight="293"/>
<SubTexture name="Hank0036.png" x="1" y="1476" width="329" height="293" frameX="-0" frameY="-0" frameWidth="329" frameHeight="293"/>
<SubTexture name="Hank0037.png" x="332" y="1476" width="329" height="293" frameX="-0" frameY="-0" frameWidth="329" frameHeight="293"/>
<SubTexture name="Hank0038.png" x="663" y="1476" width="329" height="293" frameX="-0" frameY="-0" frameWidth="329" frameHeight="293"/>
<SubTexture name="Hank0039.png" x="994" y="1476" width="329" height="293" frameX="-0" frameY="-0" frameWidth="329" frameHeight="293"/>
<SubTexture name="Hank0040.png" x="1325" y="1476" width="329" height="293" frameX="-0" frameY="-0" frameWidth="329" frameHeight="293"/>
<SubTexture name="Hank0041.png" x="1656" y="1476" width="329" height="293" frameX="-0" frameY="-0" frameWidth="329" frameHeight="293"/>
<SubTexture name="Hank0042.png" x="1987" y="1476" width="329" height="293" frameX="-0" frameY="-0" frameWidth="329" frameHeight="293"/>
<SubTexture name="Hank0043.png" x="1" y="1771" width="329" height="293" frameX="-0" frameY="-0" frameWidth="329" frameHeight="293"/>
<SubTexture name="Hank0044.png" x="332" y="1771" width="329" height="293" frameX="-0" frameY="-0" frameWidth="329" frameHeight="293"/>
<SubTexture name="Hank0045.png" x="663" y="1771" width="329" height="293" frameX="-0" frameY="-0" frameWidth="329" frameHeight="293"/>
<SubTexture name="Hank0046.png" x="994" y="1771" width="329" height="293" frameX="-0" frameY="-0" frameWidth="329" frameHeight="293"/>
<SubTexture name="Hank0047.png" x="1325" y="1771" width="329" height="293" frameX="-0" frameY="-0" frameWidth="329" frameHeight="293"/>
<SubTexture name="Hank0048.png" x="1656" y="1771" width="329" height="293" frameX="-0" frameY="-0" frameWidth="329" frameHeight="293"/>
<SubTexture name="Hank0049.png" x="1987" y="1771" width="329" height="293" frameX="-0" frameY="-0" frameWidth="329" frameHeight="293"/>
<SubTexture name="Hank0050.png" x="1" y="2066" width="329" height="293" frameX="-0" frameY="-0" frameWidth="329" frameHeight="293"/>
<SubTexture name="Hank0051.png" x="332" y="2066" width="329" height="293" frameX="-0" frameY="-0" frameWidth="329" frameHeight="293"/>
<SubTexture name="Hank0052.png" x="663" y="2066" width="329" height="293" frameX="-0" frameY="-0" frameWidth="329" frameHeight="293"/>
<SubTexture name="Hank0053.png" x="994" y="2066" width="329" height="293" frameX="-0" frameY="-0" frameWidth="329" frameHeight="293"/>
<SubTexture name="Hank0054.png" x="1325" y="2066" width="329" height="293" frameX="-0" frameY="-0" frameWidth="329" frameHeight="293"/>
<SubTexture name="Hank0055.png" x="1656" y="2066" width="329" height="293" frameX="-0" frameY="-0" frameWidth="329" frameHeight="293"/>
<SubTexture name="Hank0056.png" x="1987" y="2066" width="329" height="293" frameX="-0" frameY="-0" frameWidth="329" frameHeight="293"/>
<SubTexture name="Hank0057.png" x="2318" y="1" width="329" height="293" frameX="-0" frameY="-0" frameWidth="329" frameHeight="293"/>
</TextureAtlas>