<?xml version="1.0" encoding="utf-8"?>
<TextureAtlas imagePath="Clone.png">
<!-- Created with Kades Custom Converter -->
<SubTexture name="Clone10000" x="0" y="0" width="495" height="697" frameX="-142" frameY="-684" frameWidth="692" frameHeight="1839"/>
<SubTexture name="Clone10001" x="520" y="0" width="473" height="971" frameX="-197" frameY="-147" frameWidth="692" frameHeight="1839"/>
<SubTexture name="Clone10002" x="1018" y="0" width="434" height="836" frameX="-142" frameY="-201" frameWidth="692" frameHeight="1839"/>
<SubTexture name="Clone10003" x="1477" y="0" width="449" height="623" frameX="-59" frameY="-265" frameWidth="692" frameHeight="1839"/>
<SubTexture name="Clone10004" x="1951" y="0" width="492" height="698" frameX="-67" frameY="-231" frameWidth="692" frameHeight="1839"/>
<SubTexture name="Clone10005" x="2468" y="0" width="493" height="696" frameX="-137" frameY="-223" frameWidth="692" frameHeight="1839"/>
<SubTexture name="Clone10006" x="2986" y="0" width="494" height="686" frameX="-106" frameY="-218" frameWidth="692" frameHeight="1839"/>
<SubTexture name="Clone10007" x="3505" y="0" width="492" height="708" frameX="-83" frameY="-220" frameWidth="692" frameHeight="1839"/>
<SubTexture name="Clone10008" x="0" y="996" width="484" height="699" frameX="-182" frameY="-198" frameWidth="692" frameHeight="1839"/>
<SubTexture name="Clone10009" x="509" y="996" width="492" height="726" frameX="-99" frameY="-203" frameWidth="692" frameHeight="1839"/>
<SubTexture name="Clone10010" x="1026" y="996" width="498" height="685" frameX="-147" frameY="-225" frameWidth="692" frameHeight="1839"/>
<SubTexture name="Clone10011" x="1549" y="996" width="493" height="754" frameX="-56" frameY="-169" frameWidth="692" frameHeight="1839"/>
<SubTexture name="Clone10012" x="2067" y="996" width="492" height="736" frameX="-99" frameY="-168" frameWidth="692" frameHeight="1839"/>
<SubTexture name="Clone10013" x="2584" y="996" width="492" height="677" frameX="-17" frameY="-238" frameWidth="692" frameHeight="1839"/>
<SubTexture name="Clone10014" x="3101" y="996" width="495" height="667" frameX="-92" frameY="-231" frameWidth="692" frameHeight="1839"/>
<SubTexture name="Clone10015" x="0" y="1775" width="497" height="733" frameX="-13" frameY="-158" frameWidth="692" frameHeight="1839"/>
<SubTexture name="Clone10016" x="522" y="1775" width="490" height="695" frameX="-102" frameY="-183" frameWidth="692" frameHeight="1839"/>
<SubTexture name="Clone10017" x="1037" y="1775" width="467" height="741" frameX="-98" frameY="-175" frameWidth="692" frameHeight="1839"/>
<SubTexture name="Clone10018" x="1529" y="1775" width="492" height="672" frameX="-40" frameY="-220" frameWidth="692" frameHeight="1839"/>
<SubTexture name="Clone10019" x="2046" y="1775" width="491" height="735" frameX="-78" frameY="-177" frameWidth="692" frameHeight="1839"/>
<SubTexture name="Clone10020" x="2562" y="1775" width="494" height="694" frameX="-153" frameY="-217" frameWidth="692" frameHeight="1839"/>
<SubTexture name="Clone10021" x="3081" y="1775" width="487" height="714" frameX="-101" frameY="-219" frameWidth="692" frameHeight="1839"/>
<SubTexture name="Clone10022" x="1549" y="996" width="493" height="754" frameX="-56" frameY="-169" frameWidth="692" frameHeight="1839"/>
<SubTexture name="Clone10023" x="2067" y="996" width="492" height="736" frameX="-99" frameY="-168" frameWidth="692" frameHeight="1839"/>
<SubTexture name="Clone10024" x="2584" y="996" width="492" height="677" frameX="-17" frameY="-238" frameWidth="692" frameHeight="1839"/>
<SubTexture name="Clone10025" x="3101" y="996" width="495" height="667" frameX="-92" frameY="-231" frameWidth="692" frameHeight="1839"/>
<SubTexture name="Clone10026" x="0" y="1775" width="497" height="733" frameX="-13" frameY="-158" frameWidth="692" frameHeight="1839"/>
<SubTexture name="Clone10027" x="522" y="1775" width="490" height="695" frameX="-102" frameY="-183" frameWidth="692" frameHeight="1839"/>
<SubTexture name="Clone10028" x="1037" y="1775" width="467" height="741" frameX="-98" frameY="-175" frameWidth="692" frameHeight="1839"/>
<SubTexture name="Clone10029" x="1529" y="1775" width="492" height="672" frameX="-40" frameY="-220" frameWidth="692" frameHeight="1839"/>
<SubTexture name="Clone10030" x="2046" y="1775" width="491" height="735" frameX="-78" frameY="-177" frameWidth="692" frameHeight="1839"/>
<SubTexture name="Clone10031" x="2562" y="1775" width="494" height="694" frameX="-153" frameY="-217" frameWidth="692" frameHeight="1839"/>
<SubTexture name="Clone10032" x="3081" y="1775" width="487" height="714" frameX="-101" frameY="-219" frameWidth="692" frameHeight="1839"/>
<SubTexture name="Clone10033" x="1549" y="996" width="493" height="754" frameX="-56" frameY="-169" frameWidth="692" frameHeight="1839"/>
<SubTexture name="Clone10034" x="2067" y="996" width="492" height="736" frameX="-99" frameY="-168" frameWidth="692" frameHeight="1839"/>
<SubTexture name="Clone10035" x="2584" y="996" width="492" height="677" frameX="-17" frameY="-238" frameWidth="692" frameHeight="1839"/>
<SubTexture name="Clone10036" x="3101" y="996" width="495" height="667" frameX="-92" frameY="-231" frameWidth="692" frameHeight="1839"/>
<SubTexture name="Clone10037" x="0" y="1775" width="497" height="733" frameX="-13" frameY="-158" frameWidth="692" frameHeight="1839"/>
<SubTexture name="Clone10038" x="522" y="1775" width="490" height="695" frameX="-102" frameY="-183" frameWidth="692" frameHeight="1839"/>
<SubTexture name="Clone10039" x="1037" y="1775" width="467" height="741" frameX="-98" frameY="-175" frameWidth="692" frameHeight="1839"/>
<SubTexture name="Clone10040" x="1529" y="1775" width="492" height="672" frameX="-40" frameY="-220" frameWidth="692" frameHeight="1839"/>
<SubTexture name="Clone10041" x="2046" y="1775" width="491" height="735" frameX="-78" frameY="-177" frameWidth="692" frameHeight="1839"/>
<SubTexture name="Clone10042" x="2562" y="1775" width="494" height="694" frameX="-153" frameY="-217" frameWidth="692" frameHeight="1839"/>
<SubTexture name="Clone10043" x="3081" y="1775" width="487" height="714" frameX="-101" frameY="-219" frameWidth="692" frameHeight="1839"/>
<SubTexture name="Clone10044" x="1549" y="996" width="493" height="754" frameX="-56" frameY="-169" frameWidth="692" frameHeight="1839"/>
<SubTexture name="Clone10045" x="2067" y="996" width="492" height="736" frameX="-99" frameY="-168" frameWidth="692" frameHeight="1839"/>
<SubTexture name="Clone10046" x="2584" y="996" width="492" height="677" frameX="-17" frameY="-238" frameWidth="692" frameHeight="1839"/>
<SubTexture name="Clone10047" x="3101" y="996" width="495" height="667" frameX="-92" frameY="-231" frameWidth="692" frameHeight="1839"/>
<SubTexture name="Clone10048" x="0" y="1775" width="497" height="733" frameX="-13" frameY="-158" frameWidth="692" frameHeight="1839"/>
<SubTexture name="Clone10049" x="522" y="1775" width="490" height="695" frameX="-102" frameY="-183" frameWidth="692" frameHeight="1839"/>
<SubTexture name="Clone10050" x="1037" y="1775" width="467" height="741" frameX="-98" frameY="-175" frameWidth="692" frameHeight="1839"/>
<SubTexture name="Clone10051" x="1529" y="1775" width="492" height="672" frameX="-40" frameY="-220" frameWidth="692" frameHeight="1839"/>
<SubTexture name="Clone10052" x="2046" y="1775" width="491" height="735" frameX="-78" frameY="-177" frameWidth="692" frameHeight="1839"/>
<SubTexture name="Clone10053" x="2562" y="1775" width="494" height="694" frameX="-153" frameY="-217" frameWidth="692" frameHeight="1839"/>
<SubTexture name="Clone10054" x="3081" y="1775" width="487" height="714" frameX="-101" frameY="-219" frameWidth="692" frameHeight="1839"/>
<SubTexture name="Clone10055" x="1549" y="996" width="493" height="754" frameX="-56" frameY="-169" frameWidth="692" frameHeight="1839"/>
<SubTexture name="Clone10056" x="2067" y="996" width="492" height="736" frameX="-99" frameY="-168" frameWidth="692" frameHeight="1839"/>
<SubTexture name="Clone10057" x="2584" y="996" width="492" height="677" frameX="-17" frameY="-238" frameWidth="692" frameHeight="1839"/>
<SubTexture name="Clone10058" x="3101" y="996" width="495" height="667" frameX="-92" frameY="-231" frameWidth="692" frameHeight="1839"/>
<SubTexture name="Clone10059" x="0" y="1775" width="497" height="733" frameX="-13" frameY="-158" frameWidth="692" frameHeight="1839"/>
<SubTexture name="Clone10060" x="522" y="1775" width="490" height="695" frameX="-102" frameY="-183" frameWidth="692" frameHeight="1839"/>
<SubTexture name="Clone10061" x="1037" y="1775" width="467" height="741" frameX="-98" frameY="-175" frameWidth="692" frameHeight="1839"/>
<SubTexture name="Clone10062" x="1529" y="1775" width="492" height="672" frameX="-40" frameY="-220" frameWidth="692" frameHeight="1839"/>
<SubTexture name="Clone10063" x="2046" y="1775" width="491" height="735" frameX="-78" frameY="-177" frameWidth="692" frameHeight="1839"/>
<SubTexture name="Clone10064" x="2562" y="1775" width="494" height="694" frameX="-153" frameY="-217" frameWidth="692" frameHeight="1839"/>
<SubTexture name="Clone10065" x="3081" y="1775" width="487" height="714" frameX="-101" frameY="-219" frameWidth="692" frameHeight="1839"/>
<SubTexture name="Clone10066" x="3593" y="1775" width="488" height="716" frameX="-58" frameY="-220" frameWidth="692" frameHeight="1839"/>
<SubTexture name="Clone10067" x="0" y="2541" width="487" height="661" frameX="-94" frameY="-269" frameWidth="692" frameHeight="1839"/>
<SubTexture name="Clone10068" x="512" y="2541" width="574" height="514" frameX="-50" frameY="-270" frameWidth="692" frameHeight="1839"/>
<SubTexture name="Clone10069" x="1111" y="2541" width="607" height="471" frameX="-29" frameY="-284" frameWidth="692" frameHeight="1839"/>
<SubTexture name="Clone10070" x="1743" y="2541" width="692" height="438" frameX="-0" frameY="-292" frameWidth="692" frameHeight="1839"/>
<SubTexture name="Clone10071" x="2460" y="2541" width="399" height="1131" frameX="-96" frameY="-0" frameWidth="692" frameHeight="1839"/>
<SubTexture name="Clone10072" x="2884" y="2541" width="318" height="1146" frameX="-189" frameY="-372" frameWidth="692" frameHeight="1839"/>
<SubTexture name="Clone10073" x="3227" y="2541" width="340" height="1139" frameX="-185" frameY="-700" frameWidth="692" frameHeight="1839"/>
</TextureAtlas>