﻿<?xml version="1.0" encoding="utf-8"?>
<TextureAtlas imagePath="trickyvol-text.png">
	<!-- Created with Adobe Animate version 24.0.8.70 -->
	<!-- http://www.adobe.com/products/animate.html -->
	<SubTexture name="switch0001" x="0" y="160" width="292" height="160" frameX="0" frameY="0" frameWidth="234" frameHeight="142" />
	<SubTexture name="switch0002" x="0" y="160" width="292" height="160" frameX="0" frameY="0" frameWidth="234" frameHeight="142" />
	<SubTexture name="switch0003" x="0" y="160" width="292" height="160" frameX="0" frameY="0" frameWidth="234" frameHeight="142" />
	<SubTexture name="switch0004" x="0" y="160" width="292" height="160" frameX="0" frameY="0" frameWidth="234" frameHeight="142" />
	<SubTexture name="idle0001" x="0" y="0" width="292" height="160" frameX="0" frameY="-6" frameWidth="234" frameHeight="142" />
	<SubTexture name="idle0002" x="0" y="0" width="292" height="160" frameX="0" frameY="-6" frameWidth="234" frameHeight="142" />
	<SubTexture name="idle0003" x="0" y="0" width="292" height="160" frameX="0" frameY="-6" frameWidth="234" frameHeight="142" />
	<SubTexture name="idle0004" x="0" y="0" width="292" height="160" frameX="0" frameY="-6" frameWidth="234" frameHeight="142" />
	<SubTexture name="idle0005" x="0" y="0" width="292" height="160" frameX="0" frameY="-6" frameWidth="234" frameHeight="142" />
	<SubTexture name="idle0006" x="0" y="0" width="292" height="160" frameX="0" frameY="-6" frameWidth="234" frameHeight="142" />
	<SubTexture name="idle0007" x="0" y="0" width="292" height="160" frameX="0" frameY="-6" frameWidth="234" frameHeight="142" />
	<SubTexture name="idle0008" x="0" y="0" width="292" height="160" frameX="0" frameY="-6" frameWidth="234" frameHeight="142" />
</TextureAtlas>
