<?xml version="1.0" encoding="utf-8"?>
<TextureAtlas imagePath="EX Tricky GF.png">
<!-- Created with Kades Custom Converter -->
<SubTexture name="GF Ex Tricky0000" x="0" y="0" width="341" height="395" frameX="-8" frameY="-9" frameWidth="353" frameHeight="418"/>
<SubTexture name="GF Ex Tricky0001" x="366" y="0" width="344" height="390" frameX="-1" frameY="-14" frameWidth="353" frameHeight="418"/>
<SubTexture name="GF Ex Tricky0002" x="735" y="0" width="342" height="391" frameX="-1" frameY="-13" frameWidth="353" frameHeight="418"/>
<SubTexture name="GF Ex Tricky0003" x="1102" y="0" width="334" height="399" frameX="-8" frameY="-5" frameWidth="353" frameHeight="418"/>
<SubTexture name="GF Ex Tricky0004" x="1461" y="0" width="325" height="403" frameX="-15" frameY="-1" frameWidth="353" frameHeight="418"/>
<SubTexture name="GF Ex Tricky0005" x="0" y="428" width="322" height="404" frameX="-18" frameY="-0" frameWidth="353" frameHeight="418"/>
<SubTexture name="GF Ex Tricky0006" x="347" y="428" width="323" height="404" frameX="-16" frameY="-0" frameWidth="353" frameHeight="418"/>
<SubTexture name="GF Ex Tricky0007" x="695" y="428" width="324" height="404" frameX="-14" frameY="-0" frameWidth="353" frameHeight="418"/>
<SubTexture name="GF Ex Tricky0008" x="1044" y="428" width="325" height="404" frameX="-14" frameY="-0" frameWidth="353" frameHeight="418"/>
<SubTexture name="GF Ex Tricky0009" x="1394" y="428" width="337" height="394" frameX="-4" frameY="-11" frameWidth="353" frameHeight="418"/>
<SubTexture name="GF Ex Tricky0010" x="0" y="857" width="352" height="393" frameX="-0" frameY="-25" frameWidth="353" frameHeight="418"/>
<SubTexture name="GF Ex Tricky0011" x="377" y="857" width="349" height="392" frameX="-4" frameY="-25" frameWidth="353" frameHeight="418"/>
<SubTexture name="GF Ex Tricky0012" x="751" y="857" width="342" height="393" frameX="-6" frameY="-21" frameWidth="353" frameHeight="418"/>
<SubTexture name="GF Ex Tricky0013" x="1118" y="857" width="337" height="392" frameX="-7" frameY="-16" frameWidth="353" frameHeight="418"/>
<SubTexture name="GF Ex Tricky0014" x="1480" y="857" width="332" height="392" frameX="-10" frameY="-13" frameWidth="353" frameHeight="418"/>
<SubTexture name="GF Ex Tricky0015" x="0" y="1275" width="330" height="393" frameX="-15" frameY="-11" frameWidth="353" frameHeight="418"/>
<SubTexture name="GF Ex Tricky0016" x="355" y="1275" width="329" height="396" frameX="-17" frameY="-8" frameWidth="353" frameHeight="418"/>
<SubTexture name="GF Ex Tricky0017" x="709" y="1275" width="326" height="400" frameX="-21" frameY="-4" frameWidth="353" frameHeight="418"/>
<SubTexture name="GF Ex Tricky0018" x="1060" y="1275" width="324" height="401" frameX="-24" frameY="-3" frameWidth="353" frameHeight="418"/>
<SubTexture name="GF Ex Tricky0019" x="1409" y="1275" width="320" height="403" frameX="-25" frameY="-1" frameWidth="353" frameHeight="418"/>
</TextureAtlas>