<?xml version="1.0" encoding="utf-8"?>
<TextureAtlas imagePath="gf_phase_3.png">
<!-- Created with Kades Custom Converter -->
<SubTexture name="GF Cheer0000" x="0" y="0" width="699" height="657" frameX="-2" frameY="-0" frameWidth="703" frameHeight="657"/>
<SubTexture name="GF Cheer0001" x="700" y="0" width="703" height="657" frameX="-0" frameY="-0" frameWidth="703" frameHeight="657"/>
<SubTexture name="GF Cheer0002" x="1404" y="0" width="703" height="654" frameX="-0" frameY="-3" frameWidth="703" frameHeight="657"/>
<SubTexture name="GF Cheer0003" x="2108" y="0" width="699" height="654" frameX="-2" frameY="-3" frameWidth="703" frameHeight="657"/>
<SubTexture name="GF Cheer0004" x="2808" y="0" width="699" height="654" frameX="-2" frameY="-3" frameWidth="703" frameHeight="657"/>
<SubTexture name="GF Cheer0005" x="2808" y="0" width="699" height="654" frameX="-2" frameY="-3" frameWidth="703" frameHeight="657"/>
<SubTexture name="GF Cheer0006" x="2808" y="0" width="699" height="654" frameX="-2" frameY="-3" frameWidth="703" frameHeight="657"/>
<SubTexture name="GF Cheer0007" x="2808" y="0" width="699" height="654" frameX="-2" frameY="-3" frameWidth="703" frameHeight="657"/>
<SubTexture name="GF Cheer0008" x="2808" y="0" width="699" height="654" frameX="-2" frameY="-3" frameWidth="703" frameHeight="657"/>
<SubTexture name="GF Cheer0009" x="2808" y="0" width="699" height="654" frameX="-2" frameY="-3" frameWidth="703" frameHeight="657"/>
<SubTexture name="GF Cheer0010" x="2808" y="0" width="699" height="654" frameX="-2" frameY="-3" frameWidth="703" frameHeight="657"/>
<SubTexture name="GF Cheer0011" x="2808" y="0" width="699" height="654" frameX="-2" frameY="-3" frameWidth="703" frameHeight="657"/>
<SubTexture name="GF Cheer0012" x="2808" y="0" width="699" height="654" frameX="-2" frameY="-3" frameWidth="703" frameHeight="657"/>
<SubTexture name="GF Cheer0013" x="2808" y="0" width="699" height="654" frameX="-2" frameY="-3" frameWidth="703" frameHeight="657"/>
<SubTexture name="GF Cheer0014" x="2808" y="0" width="699" height="654" frameX="-2" frameY="-3" frameWidth="703" frameHeight="657"/>
<SubTexture name="GF Cheer0015" x="2808" y="0" width="699" height="654" frameX="-2" frameY="-3" frameWidth="703" frameHeight="657"/>
<SubTexture name="GF Cheer0016" x="2808" y="0" width="699" height="654" frameX="-2" frameY="-3" frameWidth="703" frameHeight="657"/>
<SubTexture name="GF Cheer0017" x="2808" y="0" width="699" height="654" frameX="-2" frameY="-3" frameWidth="703" frameHeight="657"/>
<SubTexture name="GF Cheer0018" x="2808" y="0" width="699" height="654" frameX="-2" frameY="-3" frameWidth="703" frameHeight="657"/>
<SubTexture name="GF Cheer0019" x="2808" y="0" width="699" height="654" frameX="-2" frameY="-3" frameWidth="703" frameHeight="657"/>
<SubTexture name="GF Cheer0020" x="2808" y="0" width="699" height="654" frameX="-2" frameY="-3" frameWidth="703" frameHeight="657"/>
<SubTexture name="GF Dancing Beat0000" x="3508" y="0" width="699" height="634" frameX="-2" frameY="-14" frameWidth="703" frameHeight="648"/>
<SubTexture name="GF Dancing Beat0001" x="4208" y="0" width="703" height="634" frameX="-0" frameY="-14" frameWidth="703" frameHeight="648"/>
<SubTexture name="GF Dancing Beat0002" x="4912" y="0" width="703" height="632" frameX="-0" frameY="-16" frameWidth="703" frameHeight="648"/>
<SubTexture name="GF Dancing Beat0003" x="5616" y="0" width="699" height="632" frameX="-2" frameY="-16" frameWidth="703" frameHeight="648"/>
<SubTexture name="GF Dancing Beat0004" x="6316" y="0" width="699" height="635" frameX="-2" frameY="-13" frameWidth="703" frameHeight="648"/>
<SubTexture name="GF Dancing Beat0005" x="7016" y="0" width="699" height="635" frameX="-2" frameY="-13" frameWidth="703" frameHeight="648"/>
<SubTexture name="GF Dancing Beat0006" x="0" y="658" width="699" height="637" frameX="-2" frameY="-11" frameWidth="703" frameHeight="648"/>
<SubTexture name="GF Dancing Beat0007" x="700" y="658" width="699" height="648" frameX="-2" frameY="-0" frameWidth="703" frameHeight="648"/>
<SubTexture name="GF Dancing Beat0008" x="700" y="658" width="699" height="648" frameX="-2" frameY="-0" frameWidth="703" frameHeight="648"/>
<SubTexture name="GF Dancing Beat0009" x="700" y="658" width="699" height="648" frameX="-2" frameY="-0" frameWidth="703" frameHeight="648"/>
<SubTexture name="GF Dancing Beat0010" x="1400" y="658" width="699" height="648" frameX="-2" frameY="-0" frameWidth="703" frameHeight="648"/>
<SubTexture name="GF Dancing Beat0011" x="1400" y="658" width="699" height="648" frameX="-2" frameY="-0" frameWidth="703" frameHeight="648"/>
<SubTexture name="GF Dancing Beat0012" x="1400" y="658" width="699" height="648" frameX="-2" frameY="-0" frameWidth="703" frameHeight="648"/>
<SubTexture name="GF Dancing Beat0013" x="2100" y="658" width="699" height="648" frameX="-2" frameY="-0" frameWidth="703" frameHeight="648"/>
<SubTexture name="GF Dancing Beat0014" x="2100" y="658" width="699" height="648" frameX="-2" frameY="-0" frameWidth="703" frameHeight="648"/>
<SubTexture name="GF Dancing Beat0015" x="2800" y="658" width="699" height="636" frameX="-2" frameY="-12" frameWidth="703" frameHeight="648"/>
<SubTexture name="GF Dancing Beat0016" x="3500" y="658" width="703" height="636" frameX="-0" frameY="-12" frameWidth="703" frameHeight="648"/>
<SubTexture name="GF Dancing Beat0017" x="4204" y="658" width="703" height="636" frameX="-0" frameY="-12" frameWidth="703" frameHeight="648"/>
<SubTexture name="GF Dancing Beat0018" x="4908" y="658" width="699" height="636" frameX="-2" frameY="-12" frameWidth="703" frameHeight="648"/>
<SubTexture name="GF Dancing Beat0019" x="5608" y="658" width="699" height="637" frameX="-2" frameY="-11" frameWidth="703" frameHeight="648"/>
<SubTexture name="GF Dancing Beat0020" x="6308" y="658" width="699" height="637" frameX="-2" frameY="-11" frameWidth="703" frameHeight="648"/>
<SubTexture name="GF Dancing Beat0021" x="7008" y="658" width="699" height="638" frameX="-2" frameY="-10" frameWidth="703" frameHeight="648"/>
<SubTexture name="GF Dancing Beat0022" x="0" y="1307" width="699" height="643" frameX="-2" frameY="-5" frameWidth="703" frameHeight="648"/>
<SubTexture name="GF Dancing Beat0023" x="0" y="1307" width="699" height="643" frameX="-2" frameY="-5" frameWidth="703" frameHeight="648"/>
<SubTexture name="GF Dancing Beat0024" x="0" y="1307" width="699" height="643" frameX="-2" frameY="-5" frameWidth="703" frameHeight="648"/>
<SubTexture name="GF Dancing Beat0025" x="700" y="1307" width="699" height="642" frameX="-2" frameY="-6" frameWidth="703" frameHeight="648"/>
<SubTexture name="GF Dancing Beat0026" x="700" y="1307" width="699" height="642" frameX="-2" frameY="-6" frameWidth="703" frameHeight="648"/>
<SubTexture name="GF Dancing Beat0027" x="700" y="1307" width="699" height="642" frameX="-2" frameY="-6" frameWidth="703" frameHeight="648"/>
<SubTexture name="GF Dancing Beat0028" x="1400" y="1307" width="699" height="642" frameX="-2" frameY="-6" frameWidth="703" frameHeight="648"/>
<SubTexture name="GF Dancing Beat0029" x="1400" y="1307" width="699" height="642" frameX="-2" frameY="-6" frameWidth="703" frameHeight="648"/>
<SubTexture name="GF Dancing Beat Hair Landing0000" x="2100" y="1307" width="699" height="635" frameX="-2" frameY="-13" frameWidth="703" frameHeight="648"/>
<SubTexture name="GF Dancing Beat Hair Landing0001" x="2800" y="1307" width="703" height="635" frameX="-0" frameY="-13" frameWidth="703" frameHeight="648"/>
<SubTexture name="GF Dancing Beat Hair Landing0002" x="3504" y="1307" width="703" height="619" frameX="-0" frameY="-29" frameWidth="703" frameHeight="648"/>
<SubTexture name="GF Dancing Beat Hair Landing0003" x="4208" y="1307" width="699" height="619" frameX="-2" frameY="-29" frameWidth="703" frameHeight="648"/>
<SubTexture name="GF Dancing Beat Hair Landing0004" x="4908" y="1307" width="699" height="607" frameX="-2" frameY="-41" frameWidth="703" frameHeight="648"/>
<SubTexture name="GF Dancing Beat Hair Landing0005" x="5608" y="1307" width="699" height="607" frameX="-2" frameY="-41" frameWidth="703" frameHeight="648"/>
<SubTexture name="GF Dancing Beat Hair Landing0006" x="6308" y="1307" width="699" height="626" frameX="-2" frameY="-22" frameWidth="703" frameHeight="648"/>
<SubTexture name="GF Dancing Beat Hair Landing0007" x="700" y="658" width="699" height="648" frameX="-2" frameY="-0" frameWidth="703" frameHeight="648"/>
<SubTexture name="GF Dancing Beat Hair Landing0008" x="700" y="658" width="699" height="648" frameX="-2" frameY="-0" frameWidth="703" frameHeight="648"/>
<SubTexture name="GF Dancing Beat Hair Landing0009" x="700" y="658" width="699" height="648" frameX="-2" frameY="-0" frameWidth="703" frameHeight="648"/>
<SubTexture name="GF Dancing Beat Hair Landing0010" x="1400" y="658" width="699" height="648" frameX="-2" frameY="-0" frameWidth="703" frameHeight="648"/>
<SubTexture name="GF Dancing Beat Hair Landing0011" x="1400" y="658" width="699" height="648" frameX="-2" frameY="-0" frameWidth="703" frameHeight="648"/>
<SubTexture name="GF Dancing Beat Hair Landing0012" x="1400" y="658" width="699" height="648" frameX="-2" frameY="-0" frameWidth="703" frameHeight="648"/>
<SubTexture name="GF Dancing Beat Hair Landing0013" x="2100" y="658" width="699" height="648" frameX="-2" frameY="-0" frameWidth="703" frameHeight="648"/>
<SubTexture name="GF Dancing Beat Hair Landing0014" x="2100" y="658" width="699" height="648" frameX="-2" frameY="-0" frameWidth="703" frameHeight="648"/>
<SubTexture name="GF Dancing Beat Hair Landing0015" x="2800" y="658" width="699" height="636" frameX="-2" frameY="-12" frameWidth="703" frameHeight="648"/>
<SubTexture name="GF Dancing Beat Hair Landing0016" x="3500" y="658" width="703" height="636" frameX="-0" frameY="-12" frameWidth="703" frameHeight="648"/>
<SubTexture name="GF Dancing Beat Hair Landing0017" x="4204" y="658" width="703" height="636" frameX="-0" frameY="-12" frameWidth="703" frameHeight="648"/>
<SubTexture name="GF Dancing Beat Hair Landing0018" x="4908" y="658" width="699" height="636" frameX="-2" frameY="-12" frameWidth="703" frameHeight="648"/>
<SubTexture name="GF Dancing Beat Hair Landing0019" x="5608" y="658" width="699" height="637" frameX="-2" frameY="-11" frameWidth="703" frameHeight="648"/>
<SubTexture name="GF Dancing Beat Hair Landing0020" x="6308" y="658" width="699" height="637" frameX="-2" frameY="-11" frameWidth="703" frameHeight="648"/>
<SubTexture name="GF Dancing Beat Hair Landing0021" x="7008" y="658" width="699" height="638" frameX="-2" frameY="-10" frameWidth="703" frameHeight="648"/>
<SubTexture name="GF Dancing Beat Hair Landing0022" x="0" y="1307" width="699" height="643" frameX="-2" frameY="-5" frameWidth="703" frameHeight="648"/>
<SubTexture name="GF Dancing Beat Hair Landing0023" x="0" y="1307" width="699" height="643" frameX="-2" frameY="-5" frameWidth="703" frameHeight="648"/>
<SubTexture name="GF Dancing Beat Hair Landing0024" x="0" y="1307" width="699" height="643" frameX="-2" frameY="-5" frameWidth="703" frameHeight="648"/>
<SubTexture name="GF Dancing Beat Hair Landing0025" x="700" y="1307" width="699" height="642" frameX="-2" frameY="-6" frameWidth="703" frameHeight="648"/>
<SubTexture name="GF Dancing Beat Hair Landing0026" x="700" y="1307" width="699" height="642" frameX="-2" frameY="-6" frameWidth="703" frameHeight="648"/>
<SubTexture name="GF Dancing Beat Hair Landing0027" x="700" y="1307" width="699" height="642" frameX="-2" frameY="-6" frameWidth="703" frameHeight="648"/>
<SubTexture name="GF Dancing Beat Hair Landing0028" x="1400" y="1307" width="699" height="642" frameX="-2" frameY="-6" frameWidth="703" frameHeight="648"/>
<SubTexture name="GF Dancing Beat Hair Landing0029" x="1400" y="1307" width="699" height="642" frameX="-2" frameY="-6" frameWidth="703" frameHeight="648"/>
<SubTexture name="GF Duck0000" x="7008" y="1307" width="713" height="552" frameX="-0" frameY="-11" frameWidth="713" frameHeight="563"/>
<SubTexture name="GF Duck0001" x="7008" y="1307" width="713" height="552" frameX="-0" frameY="-11" frameWidth="713" frameHeight="563"/>
<SubTexture name="GF Duck0002" x="0" y="1951" width="708" height="563" frameX="-3" frameY="-0" frameWidth="713" frameHeight="563"/>
<SubTexture name="GF Duck0003" x="0" y="1951" width="708" height="563" frameX="-3" frameY="-0" frameWidth="713" frameHeight="563"/>
<SubTexture name="GF FEAR 0000" x="709" y="1951" width="699" height="640" frameX="-0" frameY="-0" frameWidth="699" frameHeight="640"/>
<SubTexture name="GF FEAR 0001" x="1409" y="1951" width="699" height="640" frameX="-0" frameY="-0" frameWidth="699" frameHeight="640"/>
<SubTexture name="GF FEAR 0002" x="2109" y="1951" width="699" height="638" frameX="-0" frameY="-2" frameWidth="699" frameHeight="640"/>
<SubTexture name="GF FEAR 0003" x="2809" y="1951" width="699" height="640" frameX="-0" frameY="-0" frameWidth="699" frameHeight="640"/>
<SubTexture name="gf sad0000" x="3509" y="1951" width="699" height="633" frameX="-0" frameY="-3" frameWidth="699" frameHeight="636"/>
<SubTexture name="gf sad0001" x="3509" y="1951" width="699" height="633" frameX="-0" frameY="-3" frameWidth="699" frameHeight="636"/>
<SubTexture name="gf sad0002" x="4209" y="1951" width="699" height="636" frameX="-0" frameY="-0" frameWidth="699" frameHeight="636"/>
<SubTexture name="gf sad0003" x="4209" y="1951" width="699" height="636" frameX="-0" frameY="-0" frameWidth="699" frameHeight="636"/>
<SubTexture name="gf sad0004" x="4909" y="1951" width="699" height="636" frameX="-0" frameY="-0" frameWidth="699" frameHeight="636"/>
<SubTexture name="gf sad0005" x="4909" y="1951" width="699" height="636" frameX="-0" frameY="-0" frameWidth="699" frameHeight="636"/>
<SubTexture name="gf sad0006" x="5609" y="1951" width="699" height="636" frameX="-0" frameY="-0" frameWidth="699" frameHeight="636"/>
<SubTexture name="gf sad0007" x="5609" y="1951" width="699" height="636" frameX="-0" frameY="-0" frameWidth="699" frameHeight="636"/>
<SubTexture name="gf sad0008" x="6309" y="1951" width="699" height="636" frameX="-0" frameY="-0" frameWidth="699" frameHeight="636"/>
<SubTexture name="gf sad0009" x="6309" y="1951" width="699" height="636" frameX="-0" frameY="-0" frameWidth="699" frameHeight="636"/>
<SubTexture name="gf sad0010" x="4209" y="1951" width="699" height="636" frameX="-0" frameY="-0" frameWidth="699" frameHeight="636"/>
<SubTexture name="gf sad0011" x="4209" y="1951" width="699" height="636" frameX="-0" frameY="-0" frameWidth="699" frameHeight="636"/>
<SubTexture name="gf sad0012" x="4909" y="1951" width="699" height="636" frameX="-0" frameY="-0" frameWidth="699" frameHeight="636"/>
<SubTexture name="gf sad0013" x="4909" y="1951" width="699" height="636" frameX="-0" frameY="-0" frameWidth="699" frameHeight="636"/>
<SubTexture name="gf sad0014" x="5609" y="1951" width="699" height="636" frameX="-0" frameY="-0" frameWidth="699" frameHeight="636"/>
<SubTexture name="gf sad0015" x="5609" y="1951" width="699" height="636" frameX="-0" frameY="-0" frameWidth="699" frameHeight="636"/>
<SubTexture name="gf sad0016" x="6309" y="1951" width="699" height="636" frameX="-0" frameY="-0" frameWidth="699" frameHeight="636"/>
<SubTexture name="gf sad0017" x="6309" y="1951" width="699" height="636" frameX="-0" frameY="-0" frameWidth="699" frameHeight="636"/>
<SubTexture name="gf sad0018" x="4209" y="1951" width="699" height="636" frameX="-0" frameY="-0" frameWidth="699" frameHeight="636"/>
<SubTexture name="gf sad0019" x="4209" y="1951" width="699" height="636" frameX="-0" frameY="-0" frameWidth="699" frameHeight="636"/>
<SubTexture name="gf sad0020" x="4909" y="1951" width="699" height="636" frameX="-0" frameY="-0" frameWidth="699" frameHeight="636"/>
<SubTexture name="gf sad0021" x="4909" y="1951" width="699" height="636" frameX="-0" frameY="-0" frameWidth="699" frameHeight="636"/>
<SubTexture name="gf sad0022" x="5609" y="1951" width="699" height="636" frameX="-0" frameY="-0" frameWidth="699" frameHeight="636"/>
<SubTexture name="gf sad0023" x="5609" y="1951" width="699" height="636" frameX="-0" frameY="-0" frameWidth="699" frameHeight="636"/>
<SubTexture name="gf sad0024" x="6309" y="1951" width="699" height="636" frameX="-0" frameY="-0" frameWidth="699" frameHeight="636"/>
<SubTexture name="gf sad0025" x="6309" y="1951" width="699" height="636" frameX="-0" frameY="-0" frameWidth="699" frameHeight="636"/>
<SubTexture name="gf sad0026" x="4209" y="1951" width="699" height="636" frameX="-0" frameY="-0" frameWidth="699" frameHeight="636"/>
<SubTexture name="gf sad0027" x="4209" y="1951" width="699" height="636" frameX="-0" frameY="-0" frameWidth="699" frameHeight="636"/>
<SubTexture name="gf sad0028" x="4909" y="1951" width="699" height="636" frameX="-0" frameY="-0" frameWidth="699" frameHeight="636"/>
<SubTexture name="gf sad0029" x="4909" y="1951" width="699" height="636" frameX="-0" frameY="-0" frameWidth="699" frameHeight="636"/>
<SubTexture name="gf sad0030" x="5609" y="1951" width="699" height="636" frameX="-0" frameY="-0" frameWidth="699" frameHeight="636"/>
<SubTexture name="gf sad0031" x="5609" y="1951" width="699" height="636" frameX="-0" frameY="-0" frameWidth="699" frameHeight="636"/>
<SubTexture name="gf sad0032" x="6309" y="1951" width="699" height="636" frameX="-0" frameY="-0" frameWidth="699" frameHeight="636"/>
<SubTexture name="gf sad0033" x="6309" y="1951" width="699" height="636" frameX="-0" frameY="-0" frameWidth="699" frameHeight="636"/>
<SubTexture name="gf sad0034" x="4209" y="1951" width="699" height="636" frameX="-0" frameY="-0" frameWidth="699" frameHeight="636"/>
<SubTexture name="gf sad0035" x="4209" y="1951" width="699" height="636" frameX="-0" frameY="-0" frameWidth="699" frameHeight="636"/>
<SubTexture name="gf sad0036" x="4909" y="1951" width="699" height="636" frameX="-0" frameY="-0" frameWidth="699" frameHeight="636"/>
<SubTexture name="gf sad0037" x="4909" y="1951" width="699" height="636" frameX="-0" frameY="-0" frameWidth="699" frameHeight="636"/>
<SubTexture name="gf sad0038" x="5609" y="1951" width="699" height="636" frameX="-0" frameY="-0" frameWidth="699" frameHeight="636"/>
<SubTexture name="gf sad0039" x="5609" y="1951" width="699" height="636" frameX="-0" frameY="-0" frameWidth="699" frameHeight="636"/>
<SubTexture name="gf sad0040" x="6309" y="1951" width="699" height="636" frameX="-0" frameY="-0" frameWidth="699" frameHeight="636"/>
<SubTexture name="gf sad0041" x="6309" y="1951" width="699" height="636" frameX="-0" frameY="-0" frameWidth="699" frameHeight="636"/>
<SubTexture name="gf sad0042" x="4209" y="1951" width="699" height="636" frameX="-0" frameY="-0" frameWidth="699" frameHeight="636"/>
<SubTexture name="gf sad0043" x="4209" y="1951" width="699" height="636" frameX="-0" frameY="-0" frameWidth="699" frameHeight="636"/>
<SubTexture name="gf sad0044" x="4909" y="1951" width="699" height="636" frameX="-0" frameY="-0" frameWidth="699" frameHeight="636"/>
<SubTexture name="gf sad0045" x="4909" y="1951" width="699" height="636" frameX="-0" frameY="-0" frameWidth="699" frameHeight="636"/>
<SubTexture name="gf sad0046" x="5609" y="1951" width="699" height="636" frameX="-0" frameY="-0" frameWidth="699" frameHeight="636"/>
<SubTexture name="gf sad0047" x="5609" y="1951" width="699" height="636" frameX="-0" frameY="-0" frameWidth="699" frameHeight="636"/>
<SubTexture name="gf sad0048" x="6309" y="1951" width="699" height="636" frameX="-0" frameY="-0" frameWidth="699" frameHeight="636"/>
<SubTexture name="gf sad0049" x="6309" y="1951" width="699" height="636" frameX="-0" frameY="-0" frameWidth="699" frameHeight="636"/>
<SubTexture name="gf sad0050" x="4209" y="1951" width="699" height="636" frameX="-0" frameY="-0" frameWidth="699" frameHeight="636"/>
<SubTexture name="gf sad0051" x="4209" y="1951" width="699" height="636" frameX="-0" frameY="-0" frameWidth="699" frameHeight="636"/>
<SubTexture name="gf sad0052" x="4909" y="1951" width="699" height="636" frameX="-0" frameY="-0" frameWidth="699" frameHeight="636"/>
<SubTexture name="gf sad0053" x="4909" y="1951" width="699" height="636" frameX="-0" frameY="-0" frameWidth="699" frameHeight="636"/>
<SubTexture name="gf sad0054" x="5609" y="1951" width="699" height="636" frameX="-0" frameY="-0" frameWidth="699" frameHeight="636"/>
<SubTexture name="gf sad0055" x="5609" y="1951" width="699" height="636" frameX="-0" frameY="-0" frameWidth="699" frameHeight="636"/>
<SubTexture name="gf sad0056" x="6309" y="1951" width="699" height="636" frameX="-0" frameY="-0" frameWidth="699" frameHeight="636"/>
<SubTexture name="gf sad0057" x="6309" y="1951" width="699" height="636" frameX="-0" frameY="-0" frameWidth="699" frameHeight="636"/>
<SubTexture name="gf sad0058" x="4209" y="1951" width="699" height="636" frameX="-0" frameY="-0" frameWidth="699" frameHeight="636"/>
<SubTexture name="gf sad0059" x="4209" y="1951" width="699" height="636" frameX="-0" frameY="-0" frameWidth="699" frameHeight="636"/>
<SubTexture name="gf sad0060" x="4909" y="1951" width="699" height="636" frameX="-0" frameY="-0" frameWidth="699" frameHeight="636"/>
<SubTexture name="gf sad0061" x="4909" y="1951" width="699" height="636" frameX="-0" frameY="-0" frameWidth="699" frameHeight="636"/>
<SubTexture name="gf sad0062" x="5609" y="1951" width="699" height="636" frameX="-0" frameY="-0" frameWidth="699" frameHeight="636"/>
<SubTexture name="gf sad0063" x="5609" y="1951" width="699" height="636" frameX="-0" frameY="-0" frameWidth="699" frameHeight="636"/>
<SubTexture name="gf sad0064" x="6309" y="1951" width="699" height="636" frameX="-0" frameY="-0" frameWidth="699" frameHeight="636"/>
<SubTexture name="gf sad0065" x="6309" y="1951" width="699" height="636" frameX="-0" frameY="-0" frameWidth="699" frameHeight="636"/>
<SubTexture name="gf sad0066" x="4209" y="1951" width="699" height="636" frameX="-0" frameY="-0" frameWidth="699" frameHeight="636"/>
<SubTexture name="gf sad0067" x="4209" y="1951" width="699" height="636" frameX="-0" frameY="-0" frameWidth="699" frameHeight="636"/>
<SubTexture name="gf sad0068" x="4909" y="1951" width="699" height="636" frameX="-0" frameY="-0" frameWidth="699" frameHeight="636"/>
<SubTexture name="gf sad0069" x="4909" y="1951" width="699" height="636" frameX="-0" frameY="-0" frameWidth="699" frameHeight="636"/>
<SubTexture name="gf sad0070" x="5609" y="1951" width="699" height="636" frameX="-0" frameY="-0" frameWidth="699" frameHeight="636"/>
<SubTexture name="gf sad0071" x="5609" y="1951" width="699" height="636" frameX="-0" frameY="-0" frameWidth="699" frameHeight="636"/>
<SubTexture name="gf sad0072" x="6309" y="1951" width="699" height="636" frameX="-0" frameY="-0" frameWidth="699" frameHeight="636"/>
<SubTexture name="gf sad0073" x="6309" y="1951" width="699" height="636" frameX="-0" frameY="-0" frameWidth="699" frameHeight="636"/>
<SubTexture name="gf sad0074" x="4209" y="1951" width="699" height="636" frameX="-0" frameY="-0" frameWidth="699" frameHeight="636"/>
<SubTexture name="gf sad0075" x="4209" y="1951" width="699" height="636" frameX="-0" frameY="-0" frameWidth="699" frameHeight="636"/>
<SubTexture name="gf sad0076" x="4909" y="1951" width="699" height="636" frameX="-0" frameY="-0" frameWidth="699" frameHeight="636"/>
<SubTexture name="gf sad0077" x="4909" y="1951" width="699" height="636" frameX="-0" frameY="-0" frameWidth="699" frameHeight="636"/>
<SubTexture name="gf sad0078" x="5609" y="1951" width="699" height="636" frameX="-0" frameY="-0" frameWidth="699" frameHeight="636"/>
<SubTexture name="gf sad0079" x="5609" y="1951" width="699" height="636" frameX="-0" frameY="-0" frameWidth="699" frameHeight="636"/>
</TextureAtlas>