﻿<?xml version="1.0" encoding="utf-8"?>
<TextureAtlas imagePath="signDeath.png">
	<!-- Created with Adobe Animate version 21.0.3.38773 -->
	<!-- http://www.adobe.com/products/animate.html -->
	<SubTexture name="BF Dead Loops0000" x="5" y="5" width="635" height="556"/>
	<SubTexture name="BF Dead Loops0001" x="650" y="5" width="635" height="556"/>
	<SubTexture name="BF Dead Loops0002" x="650" y="5" width="635" height="556"/>
	<SubTexture name="BF Dead Loops0003" x="1295" y="5" width="635" height="556"/>
	<SubTexture name="BF Dead Loops0004" x="1295" y="5" width="635" height="556"/>
	<SubTexture name="BF Dead Loops0005" x="1940" y="5" width="635" height="556"/>
	<SubTexture name="BF Dead Loops0006" x="1940" y="5" width="635" height="556"/>
	<SubTexture name="BF Dead Loops0007" x="2585" y="5" width="635" height="556"/>
	<SubTexture name="BF Dead Loops0008" x="2585" y="5" width="635" height="556"/>
	<SubTexture name="BF Dead Loops0009" x="2585" y="5" width="635" height="556"/>
	<SubTexture name="BF Dead Loops0010" x="2585" y="5" width="635" height="556"/>
	<SubTexture name="BF Dead Loops0011" x="2585" y="5" width="635" height="556"/>
	<SubTexture name="BF Dead Loops0012" x="2585" y="5" width="635" height="556"/>
	<SubTexture name="BF Dead Loops0013" x="2585" y="5" width="635" height="556"/>
	<SubTexture name="BF Dead Loops0014" x="2585" y="5" width="635" height="556"/>
	<SubTexture name="BF Dead Loops0015" x="2585" y="5" width="635" height="556"/>
	<SubTexture name="BF Dead Loops0016" x="2585" y="5" width="635" height="556"/>
	<SubTexture name="BF Dead Loops0017" x="5" y="5" width="635" height="556"/>
	<SubTexture name="BF Dead Loops0018" x="650" y="5" width="635" height="556"/>
	<SubTexture name="BF Dead Loops0019" x="650" y="5" width="635" height="556"/>
	<SubTexture name="BF Dead Loops0020" x="1295" y="5" width="635" height="556"/>
	<SubTexture name="BF Dead Loops0021" x="1295" y="5" width="635" height="556"/>
	<SubTexture name="BF Dead Loops0022" x="1940" y="5" width="635" height="556"/>
	<SubTexture name="BF Dead Loops0023" x="1940" y="5" width="635" height="556"/>
	<SubTexture name="BF Dead Loops0024" x="2585" y="5" width="635" height="556"/>
	<SubTexture name="BF Dead Loops0025" x="2585" y="5" width="635" height="556"/>
	<SubTexture name="BF Dead Loops0026" x="2585" y="5" width="635" height="556"/>
	<SubTexture name="BF Dead Loops0027" x="2585" y="5" width="635" height="556"/>
	<SubTexture name="BF Dead Loops0028" x="2585" y="5" width="635" height="556"/>
	<SubTexture name="BF Dead Loops0029" x="2585" y="5" width="635" height="556"/>
	<SubTexture name="BF Dead Loops0030" x="2585" y="5" width="635" height="556"/>
	<SubTexture name="BF Dead Loops0031" x="2585" y="5" width="635" height="556"/>
	<SubTexture name="BF Dead Loops0032" x="2585" y="5" width="635" height="556"/>
	<SubTexture name="BF Dead Loops0033" x="2585" y="5" width="635" height="556"/>
	<SubTexture name="BF Dead confirms0000" x="3230" y="5" width="635" height="556" frameX="0" frameY="-47" frameWidth="635" frameHeight="603"/>
	<SubTexture name="BF Dead confirms0001" x="3875" y="5" width="635" height="573" frameX="0" frameY="-30" frameWidth="635" frameHeight="603"/>
	<SubTexture name="BF Dead confirms0002" x="4520" y="5" width="635" height="603"/>
	<SubTexture name="BF Dead confirms0003" x="5165" y="5" width="635" height="573" frameX="0" frameY="-30" frameWidth="635" frameHeight="603"/>
	<SubTexture name="BF Dead confirms0004" x="5810" y="5" width="635" height="573" frameX="0" frameY="-30" frameWidth="635" frameHeight="603"/>
	<SubTexture name="BF Dead confirms0005" x="6455" y="5" width="635" height="573" frameX="0" frameY="-30" frameWidth="635" frameHeight="603"/>
	<SubTexture name="BF Dead confirms0006" x="7100" y="5" width="635" height="573" frameX="0" frameY="-30" frameWidth="635" frameHeight="603"/>
	<SubTexture name="BF Dead confirms0007" x="5" y="618" width="635" height="573" frameX="0" frameY="-30" frameWidth="635" frameHeight="603"/>
	<SubTexture name="BF Dead confirms0008" x="650" y="618" width="635" height="573" frameX="0" frameY="-30" frameWidth="635" frameHeight="603"/>
	<SubTexture name="BF Dead confirms0009" x="1295" y="618" width="635" height="573" frameX="0" frameY="-30" frameWidth="635" frameHeight="603"/>
	<SubTexture name="BF Dead confirms0010" x="1940" y="618" width="635" height="573" frameX="0" frameY="-30" frameWidth="635" frameHeight="603"/>
	<SubTexture name="BF Dead confirms0011" x="2585" y="618" width="635" height="573" frameX="0" frameY="-30" frameWidth="635" frameHeight="603"/>
	<SubTexture name="BF Dead confirms0012" x="3230" y="618" width="635" height="573" frameX="0" frameY="-30" frameWidth="635" frameHeight="603"/>
	<SubTexture name="BF Dead confirms0013" x="3875" y="618" width="635" height="573" frameX="0" frameY="-30" frameWidth="635" frameHeight="603"/>
	<SubTexture name="BF Dead confirms0014" x="4520" y="618" width="635" height="573" frameX="0" frameY="-30" frameWidth="635" frameHeight="603"/>
	<SubTexture name="BF Dead confirms0015" x="5165" y="618" width="635" height="573" frameX="0" frameY="-30" frameWidth="635" frameHeight="603"/>
	<SubTexture name="BF Dead confirms0016" x="5810" y="618" width="635" height="573" frameX="0" frameY="-30" frameWidth="635" frameHeight="603"/>
	<SubTexture name="BF Dead confirms0017" x="6455" y="618" width="635" height="573" frameX="0" frameY="-30" frameWidth="635" frameHeight="603"/>
	<SubTexture name="BF Dead confirms0018" x="7100" y="618" width="635" height="573" frameX="0" frameY="-30" frameWidth="635" frameHeight="603"/>
	<SubTexture name="BF Dead confirms0019" x="5" y="1201" width="635" height="573" frameX="0" frameY="-30" frameWidth="635" frameHeight="603"/>
	<SubTexture name="BF Dead confirms0020" x="650" y="1201" width="635" height="573" frameX="0" frameY="-30" frameWidth="635" frameHeight="603"/>
	<SubTexture name="BF Dead confirms0021" x="1295" y="1201" width="635" height="573" frameX="0" frameY="-30" frameWidth="635" frameHeight="603"/>
	<SubTexture name="BF Dead confirms0022" x="1295" y="1201" width="635" height="573" frameX="0" frameY="-30" frameWidth="635" frameHeight="603"/>
	<SubTexture name="BF Dead confirms0023" x="1940" y="1201" width="635" height="573" frameX="0" frameY="-30" frameWidth="635" frameHeight="603"/>
	<SubTexture name="BF Dead confirms0024" x="1940" y="1201" width="635" height="573" frameX="0" frameY="-30" frameWidth="635" frameHeight="603"/>
	<SubTexture name="BF Dead confirms0025" x="1940" y="1201" width="635" height="573" frameX="0" frameY="-30" frameWidth="635" frameHeight="603"/>
	<SubTexture name="BF Dead confirms0026" x="1940" y="1201" width="635" height="573" frameX="0" frameY="-30" frameWidth="635" frameHeight="603"/>
	<SubTexture name="BF Dead confirms0027" x="1940" y="1201" width="635" height="573" frameX="0" frameY="-30" frameWidth="635" frameHeight="603"/>
	<SubTexture name="BF Dead confirms0028" x="1940" y="1201" width="635" height="573" frameX="0" frameY="-30" frameWidth="635" frameHeight="603"/>
	<SubTexture name="BF Dead confirms0029" x="1940" y="1201" width="635" height="573" frameX="0" frameY="-30" frameWidth="635" frameHeight="603"/>
	<SubTexture name="BF Dead confirms0030" x="1940" y="1201" width="635" height="573" frameX="0" frameY="-30" frameWidth="635" frameHeight="603"/>
	<SubTexture name="BF Dead confirms0031" x="1940" y="1201" width="635" height="573" frameX="0" frameY="-30" frameWidth="635" frameHeight="603"/>
	<SubTexture name="BF Dead confirms0032" x="1940" y="1201" width="635" height="573" frameX="0" frameY="-30" frameWidth="635" frameHeight="603"/>
	<SubTexture name="BF Dead confirms0033" x="1940" y="1201" width="635" height="573" frameX="0" frameY="-30" frameWidth="635" frameHeight="603"/>
	<SubTexture name="BF diess0000" x="2585" y="1201" width="843" height="524" frameX="0" frameY="-26" frameWidth="897" frameHeight="556"/>
	<SubTexture name="BF diess0001" x="3438" y="1201" width="843" height="524" frameX="0" frameY="-26" frameWidth="897" frameHeight="556"/>
	<SubTexture name="BF diess0002" x="4291" y="1201" width="633" height="556" frameX="-262" frameY="0" frameWidth="897" frameHeight="556"/>
	<SubTexture name="BF diess0003" x="4934" y="1201" width="633" height="556" frameX="-262" frameY="0" frameWidth="897" frameHeight="556"/>
	<SubTexture name="BF diess0004" x="5577" y="1201" width="635" height="556" frameX="-262" frameY="0" frameWidth="897" frameHeight="556"/>
	<SubTexture name="BF diess0005" x="6222" y="1201" width="635" height="556" frameX="-262" frameY="0" frameWidth="897" frameHeight="556"/>
	<SubTexture name="BF diess0006" x="6867" y="1201" width="635" height="556" frameX="-262" frameY="0" frameWidth="897" frameHeight="556"/>
	<SubTexture name="BF diess0007" x="6867" y="1201" width="635" height="556" frameX="-262" frameY="0" frameWidth="897" frameHeight="556"/>
	<SubTexture name="BF diess0008" x="6867" y="1201" width="635" height="556" frameX="-262" frameY="0" frameWidth="897" frameHeight="556"/>
	<SubTexture name="BF diess0009" x="6867" y="1201" width="635" height="556" frameX="-262" frameY="0" frameWidth="897" frameHeight="556"/>
	<SubTexture name="BF diess0010" x="6867" y="1201" width="635" height="556" frameX="-262" frameY="0" frameWidth="897" frameHeight="556"/>
	<SubTexture name="BF diess0011" x="6867" y="1201" width="635" height="556" frameX="-262" frameY="0" frameWidth="897" frameHeight="556"/>
	<SubTexture name="BF diess0012" x="6867" y="1201" width="635" height="556" frameX="-262" frameY="0" frameWidth="897" frameHeight="556"/>
	<SubTexture name="BF diess0013" x="6867" y="1201" width="635" height="556" frameX="-262" frameY="0" frameWidth="897" frameHeight="556"/>
	<SubTexture name="BF diess0014" x="6867" y="1201" width="635" height="556" frameX="-262" frameY="0" frameWidth="897" frameHeight="556"/>
	<SubTexture name="BF diess0015" x="7512" y="1201" width="635" height="556" frameX="-262" frameY="0" frameWidth="897" frameHeight="556"/>
	<SubTexture name="BF diess0016" x="7512" y="1201" width="635" height="556" frameX="-262" frameY="0" frameWidth="897" frameHeight="556"/>
	<SubTexture name="BF diess0017" x="7512" y="1201" width="635" height="556" frameX="-262" frameY="0" frameWidth="897" frameHeight="556"/>
	<SubTexture name="BF diess0018" x="7512" y="1201" width="635" height="556" frameX="-262" frameY="0" frameWidth="897" frameHeight="556"/>
	<SubTexture name="BF diess0019" x="5" y="1784" width="635" height="556" frameX="-262" frameY="0" frameWidth="897" frameHeight="556"/>
	<SubTexture name="BF diess0020" x="650" y="1784" width="635" height="556" frameX="-262" frameY="0" frameWidth="897" frameHeight="556"/>
	<SubTexture name="BF diess0021" x="650" y="1784" width="635" height="556" frameX="-262" frameY="0" frameWidth="897" frameHeight="556"/>
	<SubTexture name="BF diess0022" x="1295" y="1784" width="635" height="556" frameX="-262" frameY="0" frameWidth="897" frameHeight="556"/>
	<SubTexture name="BF diess0023" x="1295" y="1784" width="635" height="556" frameX="-262" frameY="0" frameWidth="897" frameHeight="556"/>
	<SubTexture name="BF diess0024" x="1940" y="1784" width="635" height="556" frameX="-262" frameY="0" frameWidth="897" frameHeight="556"/>
	<SubTexture name="BF diess0025" x="2585" y="1784" width="635" height="556" frameX="-262" frameY="0" frameWidth="897" frameHeight="556"/>
	<SubTexture name="BF diess0026" x="2585" y="1784" width="635" height="556" frameX="-262" frameY="0" frameWidth="897" frameHeight="556"/>
	<SubTexture name="BF diess0027" x="3230" y="1784" width="635" height="556" frameX="-262" frameY="0" frameWidth="897" frameHeight="556"/>
	<SubTexture name="BF diess0028" x="3230" y="1784" width="635" height="556" frameX="-262" frameY="0" frameWidth="897" frameHeight="556"/>
	<SubTexture name="BF diess0029" x="3875" y="1784" width="635" height="556" frameX="-262" frameY="0" frameWidth="897" frameHeight="556"/>
	<SubTexture name="BF diess0030" x="3875" y="1784" width="635" height="556" frameX="-262" frameY="0" frameWidth="897" frameHeight="556"/>
	<SubTexture name="BF diess0031" x="4520" y="1784" width="635" height="556" frameX="-262" frameY="0" frameWidth="897" frameHeight="556"/>
	<SubTexture name="BF diess0032" x="4520" y="1784" width="635" height="556" frameX="-262" frameY="0" frameWidth="897" frameHeight="556"/>
	<SubTexture name="BF diess0033" x="4520" y="1784" width="635" height="556" frameX="-262" frameY="0" frameWidth="897" frameHeight="556"/>
	<SubTexture name="BF diess0034" x="5165" y="1784" width="635" height="556" frameX="-262" frameY="0" frameWidth="897" frameHeight="556"/>
	<SubTexture name="BF diess0035" x="2585" y="1784" width="635" height="556" frameX="-262" frameY="0" frameWidth="897" frameHeight="556"/>
	<SubTexture name="BF diess0036" x="3875" y="1784" width="635" height="556" frameX="-262" frameY="0" frameWidth="897" frameHeight="556"/>
	<SubTexture name="BF diess0037" x="5810" y="1784" width="635" height="556" frameX="-262" frameY="0" frameWidth="897" frameHeight="556"/>
	<SubTexture name="BF diess0038" x="5810" y="1784" width="635" height="556" frameX="-262" frameY="0" frameWidth="897" frameHeight="556"/>
	<SubTexture name="BF diess0039" x="5810" y="1784" width="635" height="556" frameX="-262" frameY="0" frameWidth="897" frameHeight="556"/>
	<SubTexture name="BF diess0040" x="5810" y="1784" width="635" height="556" frameX="-262" frameY="0" frameWidth="897" frameHeight="556"/>
	<SubTexture name="BF diess0041" x="6455" y="1784" width="635" height="556" frameX="-262" frameY="0" frameWidth="897" frameHeight="556"/>
	<SubTexture name="BF diess0042" x="6455" y="1784" width="635" height="556" frameX="-262" frameY="0" frameWidth="897" frameHeight="556"/>
	<SubTexture name="BF diess0043" x="6455" y="1784" width="635" height="556" frameX="-262" frameY="0" frameWidth="897" frameHeight="556"/>
	<SubTexture name="BF diess0044" x="6455" y="1784" width="635" height="556" frameX="-262" frameY="0" frameWidth="897" frameHeight="556"/>
	<SubTexture name="BF diess0045" x="7100" y="1784" width="635" height="556" frameX="-262" frameY="0" frameWidth="897" frameHeight="556"/>
	<SubTexture name="BF diess0046" x="7100" y="1784" width="635" height="556" frameX="-262" frameY="0" frameWidth="897" frameHeight="556"/>
	<SubTexture name="BF diess0047" x="7100" y="1784" width="635" height="556" frameX="-262" frameY="0" frameWidth="897" frameHeight="556"/>
	<SubTexture name="BF diess0048" x="7100" y="1784" width="635" height="556" frameX="-262" frameY="0" frameWidth="897" frameHeight="556"/>
	<SubTexture name="BF diess0049" x="7100" y="1784" width="635" height="556" frameX="-262" frameY="0" frameWidth="897" frameHeight="556"/>
	<SubTexture name="BF diess0050" x="5" y="2350" width="635" height="556" frameX="-262" frameY="0" frameWidth="897" frameHeight="556"/>
	<SubTexture name="BF diess0051" x="5" y="2350" width="635" height="556" frameX="-262" frameY="0" frameWidth="897" frameHeight="556"/>
	<SubTexture name="BF diess0052" x="5" y="2350" width="635" height="556" frameX="-262" frameY="0" frameWidth="897" frameHeight="556"/>
	<SubTexture name="BF diess0053" x="5" y="2350" width="635" height="556" frameX="-262" frameY="0" frameWidth="897" frameHeight="556"/>
	<SubTexture name="BF diess0054" x="5" y="2350" width="635" height="556" frameX="-262" frameY="0" frameWidth="897" frameHeight="556"/>
	<SubTexture name="BF diess0055" x="650" y="2350" width="635" height="556" frameX="-262" frameY="0" frameWidth="897" frameHeight="556"/>
	<SubTexture name="BF diess0056" x="650" y="2350" width="635" height="556" frameX="-262" frameY="0" frameWidth="897" frameHeight="556"/>
	<SubTexture name="BF diess0057" x="650" y="2350" width="635" height="556" frameX="-262" frameY="0" frameWidth="897" frameHeight="556"/>
</TextureAtlas>
