﻿<?xml version="1.0" encoding="utf-8"?>
<TextureAtlas imagePath="TrickyMask.png">
	<!-- Created with Adobe Animate version 24.0.0.305 -->
	<!-- http://www.adobe.com/products/animate.html -->
	<SubTexture name="Idle0000" x="5721" y="679" width="607" height="615" frameX="-1" frameY="-41" frameWidth="626" frameHeight="656" rotated="false"/>
	<SubTexture name="Idle0001" x="5721" y="1295" width="610" height="611" frameX="-9" frameY="-45" frameWidth="626" frameHeight="656" rotated="false"/>
	<SubTexture name="Idle0002" x="3892" y="1890" width="620" height="643" frameX="0" frameY="-13" frameWidth="626" frameHeight="656" rotated="false"/>
	<SubTexture name="Idle0003" x="1497" y="2573" width="615" height="654" frameX="-11" frameY="-2" frameWidth="626" frameHeight="656" rotated="false"/>
	<SubTexture name="Idle0004" x="4513" y="1899" width="620" height="643" frameX="0" frameY="-13" frameWidth="626" frameHeight="656" rotated="false"/>
	<SubTexture name="Idle0005" x="877" y="2525" width="619" height="656" frameX="-5" frameY="0" frameWidth="626" frameHeight="656" rotated="false"/>
	<SubTexture name="Idle0006" x="2711" y="2499" width="615" height="649" frameX="-11" frameY="-7" frameWidth="626" frameHeight="656" rotated="false"/>
	<SubTexture name="Idle0007" x="3892" y="1890" width="620" height="643" frameX="0" frameY="-13" frameWidth="626" frameHeight="656" rotated="false"/>
	<SubTexture name="Idle0008" x="1497" y="2573" width="615" height="654" frameX="-11" frameY="-2" frameWidth="626" frameHeight="656" rotated="false"/>
	<SubTexture name="Idle0009" x="4513" y="1899" width="620" height="643" frameX="0" frameY="-13" frameWidth="626" frameHeight="656" rotated="false"/>
	<SubTexture name="Idle0010" x="877" y="2525" width="619" height="656" frameX="-5" frameY="0" frameWidth="626" frameHeight="656" rotated="false"/>
	<SubTexture name="Idle0011" x="2711" y="2499" width="615" height="649" frameX="-11" frameY="-7" frameWidth="626" frameHeight="656" rotated="false"/>
	<SubTexture name="Idle0012" x="3892" y="1890" width="620" height="643" frameX="0" frameY="-13" frameWidth="626" frameHeight="656" rotated="false"/>
	<SubTexture name="Idle0013" x="1497" y="2573" width="615" height="654" frameX="-11" frameY="-2" frameWidth="626" frameHeight="656" rotated="false"/>
	<SubTexture name="Idle0014" x="4513" y="1899" width="620" height="643" frameX="0" frameY="-13" frameWidth="626" frameHeight="656" rotated="false"/>
	<SubTexture name="Idle0015" x="877" y="2525" width="619" height="656" frameX="-5" frameY="0" frameWidth="626" frameHeight="656" rotated="false"/>
	<SubTexture name="Idle0016" x="2711" y="2499" width="615" height="649" frameX="-11" frameY="-7" frameWidth="626" frameHeight="656" rotated="false"/>
	<SubTexture name="Idle0017" x="3892" y="1890" width="620" height="643" frameX="0" frameY="-13" frameWidth="626" frameHeight="656" rotated="false"/>
	<SubTexture name="Idle0018" x="1497" y="2573" width="615" height="654" frameX="-11" frameY="-2" frameWidth="626" frameHeight="656" rotated="false"/>
	<SubTexture name="Idle0019" x="4513" y="1899" width="620" height="643" frameX="0" frameY="-13" frameWidth="626" frameHeight="656" rotated="false"/>
	<SubTexture name="Idle0020" x="877" y="2525" width="619" height="656" frameX="-5" frameY="0" frameWidth="626" frameHeight="656" rotated="false"/>
	<SubTexture name="Idle0021" x="2711" y="2499" width="615" height="649" frameX="-11" frameY="-7" frameWidth="626" frameHeight="656" rotated="false"/>
	<SubTexture name="Idle0022" x="3892" y="1890" width="620" height="643" frameX="0" frameY="-13" frameWidth="626" frameHeight="656" rotated="false"/>
	<SubTexture name="Idle0023" x="1497" y="2573" width="615" height="654" frameX="-11" frameY="-2" frameWidth="626" frameHeight="656" rotated="false"/>
	<SubTexture name="Idle0024" x="4513" y="1899" width="620" height="643" frameX="0" frameY="-13" frameWidth="626" frameHeight="656" rotated="false"/>
	<SubTexture name="Sing Down0000" x="2416" y="1902" width="741" height="596" frameX="0" frameY="-21" frameWidth="757" frameHeight="617" rotated="false"/>
	<SubTexture name="Sing Down0001" x="3892" y="1287" width="730" height="602" frameX="-4" frameY="-15" frameWidth="757" frameHeight="617" rotated="false"/>
	<SubTexture name="Sing Down0002" x="1518" y="1959" width="730" height="613" frameX="-27" frameY="-4" frameWidth="757" frameHeight="617" rotated="false"/>
	<SubTexture name="Sing Down0003" x="3171" y="1284" width="720" height="611" frameX="-32" frameY="-6" frameWidth="757" frameHeight="617" rotated="false"/>
	<SubTexture name="Sing Down0004" x="2445" y="1284" width="725" height="617" frameX="-22" frameY="0" frameWidth="757" frameHeight="617" rotated="false"/>
	<SubTexture name="Sing Down0005" x="4623" y="1287" width="719" height="611" frameX="-32" frameY="-6" frameWidth="757" frameHeight="617" rotated="false"/>
	<SubTexture name="Sing Down0006" x="1518" y="1959" width="730" height="613" frameX="-27" frameY="-4" frameWidth="757" frameHeight="617" rotated="false"/>
	<SubTexture name="Sing Down0007" x="3171" y="1284" width="720" height="611" frameX="-32" frameY="-6" frameWidth="757" frameHeight="617" rotated="false"/>
	<SubTexture name="Sing Down0008" x="2445" y="1284" width="725" height="617" frameX="-22" frameY="0" frameWidth="757" frameHeight="617" rotated="false"/>
	<SubTexture name="Sing Down0009" x="4623" y="1287" width="719" height="611" frameX="-32" frameY="-6" frameWidth="757" frameHeight="617" rotated="false"/>
	<SubTexture name="Sing Down0010" x="1518" y="1959" width="730" height="613" frameX="-27" frameY="-4" frameWidth="757" frameHeight="617" rotated="false"/>
	<SubTexture name="Sing Down0011" x="3171" y="1284" width="720" height="611" frameX="-32" frameY="-6" frameWidth="757" frameHeight="617" rotated="false"/>
	<SubTexture name="Sing Down0012" x="2445" y="1284" width="725" height="617" frameX="-22" frameY="0" frameWidth="757" frameHeight="617" rotated="false"/>
	<SubTexture name="Sing Down0013" x="4623" y="1287" width="719" height="611" frameX="-32" frameY="-6" frameWidth="757" frameHeight="617" rotated="false"/>
	<SubTexture name="Sing Down0014" x="1518" y="1959" width="730" height="613" frameX="-27" frameY="-4" frameWidth="757" frameHeight="617" rotated="false"/>
	<SubTexture name="Sing Down0015" x="3171" y="1284" width="720" height="611" frameX="-32" frameY="-6" frameWidth="757" frameHeight="617" rotated="false"/>
	<SubTexture name="Sing Down0016" x="2445" y="1284" width="725" height="617" frameX="-22" frameY="0" frameWidth="757" frameHeight="617" rotated="false"/>
	<SubTexture name="Sing Down0017" x="4623" y="1287" width="719" height="611" frameX="-32" frameY="-6" frameWidth="757" frameHeight="617" rotated="false"/>
	<SubTexture name="Sing Down0018" x="1518" y="1959" width="730" height="613" frameX="-27" frameY="-4" frameWidth="757" frameHeight="617" rotated="false"/>
	<SubTexture name="Sing Down0019" x="3171" y="1284" width="720" height="611" frameX="-32" frameY="-6" frameWidth="757" frameHeight="617" rotated="false"/>
	<SubTexture name="Sing Down0020" x="2445" y="1284" width="725" height="617" frameX="-22" frameY="0" frameWidth="757" frameHeight="617" rotated="false"/>
	<SubTexture name="Sing Down0021" x="4623" y="1287" width="719" height="611" frameX="-32" frameY="-6" frameWidth="757" frameHeight="617" rotated="false"/>
	<SubTexture name="Sing Down Held0000" x="1518" y="1959" width="730" height="613" frameX="-5" frameY="-4" frameWidth="757" frameHeight="617" rotated="false"/>
	<SubTexture name="Sing Down Held0001" x="3171" y="1284" width="720" height="611" frameX="-10" frameY="-6" frameWidth="757" frameHeight="617" rotated="false"/>
	<SubTexture name="Sing Down Held0002" x="2445" y="1284" width="725" height="617" frameX="0" frameY="0" frameWidth="757" frameHeight="617" rotated="false"/>
	<SubTexture name="Sing Down Held0003" x="4623" y="1287" width="719" height="611" frameX="-10" frameY="-6" frameWidth="757" frameHeight="617" rotated="false"/>
	<SubTexture name="Sing Left0000" x="1" y="1" width="811" height="676" frameX="0" frameY="-18" frameWidth="811" frameHeight="694" rotated="false"/>
	<SubTexture name="Sing Left0001" x="1" y="678" width="794" height="675" frameX="-8" frameY="-19" frameWidth="811" frameHeight="694" rotated="false"/>
	<SubTexture name="Sing Left0002" x="3257" y="1" width="753" height="694" frameX="-30" frameY="0" frameWidth="811" frameHeight="694" rotated="false"/>
	<SubTexture name="Sing Left0003" x="5641" y="1" width="759" height="677" frameX="-28" frameY="-17" frameWidth="811" frameHeight="694" rotated="false"/>
	<SubTexture name="Sing Left0004" x="1" y="1354" width="767" height="686" frameX="-19" frameY="-8" frameWidth="811" frameHeight="694" rotated="false"/>
	<SubTexture name="Sing Left0005" x="796" y="1163" width="748" height="680" frameX="-32" frameY="-14" frameWidth="811" frameHeight="694" rotated="false"/>
	<SubTexture name="Sing Left0006" x="1747" y="1" width="754" height="694" frameX="-26" frameY="0" frameWidth="811" frameHeight="694" rotated="false"/>
	<SubTexture name="Sing Left0007" x="3257" y="1" width="753" height="694" frameX="-30" frameY="0" frameWidth="811" frameHeight="694" rotated="false"/>
	<SubTexture name="Sing Left0008" x="5641" y="1" width="759" height="677" frameX="-28" frameY="-17" frameWidth="811" frameHeight="694" rotated="false"/>
	<SubTexture name="Sing Left0009" x="1" y="1354" width="767" height="686" frameX="-19" frameY="-8" frameWidth="811" frameHeight="694" rotated="false"/>
	<SubTexture name="Sing Left0010" x="796" y="1163" width="748" height="680" frameX="-32" frameY="-14" frameWidth="811" frameHeight="694" rotated="false"/>
	<SubTexture name="Sing Left0011" x="1747" y="1" width="754" height="694" frameX="-26" frameY="0" frameWidth="811" frameHeight="694" rotated="false"/>
	<SubTexture name="Sing Left0012" x="3257" y="1" width="753" height="694" frameX="-30" frameY="0" frameWidth="811" frameHeight="694" rotated="false"/>
	<SubTexture name="Sing Left0013" x="5641" y="1" width="759" height="677" frameX="-28" frameY="-17" frameWidth="811" frameHeight="694" rotated="false"/>
	<SubTexture name="Sing Left0014" x="1" y="1354" width="767" height="686" frameX="-19" frameY="-8" frameWidth="811" frameHeight="694" rotated="false"/>
	<SubTexture name="Sing Left0015" x="796" y="1163" width="748" height="680" frameX="-32" frameY="-14" frameWidth="811" frameHeight="694" rotated="false"/>
	<SubTexture name="Sing Left0016" x="1747" y="1" width="754" height="694" frameX="-26" frameY="0" frameWidth="811" frameHeight="694" rotated="false"/>
	<SubTexture name="Sing Left0017" x="3257" y="1" width="753" height="694" frameX="-30" frameY="0" frameWidth="811" frameHeight="694" rotated="false"/>
	<SubTexture name="Sing Left0018" x="5641" y="1" width="759" height="677" frameX="-28" frameY="-17" frameWidth="811" frameHeight="694" rotated="false"/>
	<SubTexture name="Sing Left0019" x="1" y="1354" width="767" height="686" frameX="-19" frameY="-8" frameWidth="811" frameHeight="694" rotated="false"/>
	<SubTexture name="Sing Left0020" x="796" y="1163" width="748" height="680" frameX="-32" frameY="-14" frameWidth="811" frameHeight="694" rotated="false"/>
	<SubTexture name="Sing Left0021" x="1747" y="1" width="754" height="694" frameX="-26" frameY="0" frameWidth="811" frameHeight="694" rotated="false"/>
	<SubTexture name="Sing Left Held0000" x="4011" y="1" width="753" height="694" frameX="-11" frameY="0" frameWidth="768" frameHeight="694" rotated="false"/>
	<SubTexture name="Sing Left Held0001" x="1685" y="696" width="759" height="677" frameX="-9" frameY="-17" frameWidth="768" frameHeight="694" rotated="false"/>
	<SubTexture name="Sing Left Held0002" x="1" y="2041" width="767" height="686" frameX="0" frameY="-8" frameWidth="768" frameHeight="694" rotated="false"/>
	<SubTexture name="Sing Left Held0003" x="769" y="1844" width="748" height="680" frameX="-13" frameY="-14" frameWidth="768" frameHeight="694" rotated="false"/>
	<SubTexture name="Sing Left Held0004" x="2502" y="1" width="754" height="694" frameX="-7" frameY="0" frameWidth="768" frameHeight="694" rotated="false"/>
	<SubTexture name="Sing Right0000" x="813" y="1" width="933" height="570" frameX="0" frameY="-24" frameWidth="933" frameHeight="594" rotated="false"/>
	<SubTexture name="Sing Right0001" x="3321" y="696" width="874" height="586" frameX="-26" frameY="-8" frameWidth="933" frameHeight="594" rotated="false"/>
	<SubTexture name="Sing Right0002" x="2445" y="696" width="875" height="587" frameX="-24" frameY="-7" frameWidth="933" frameHeight="594" rotated="false"/>
	<SubTexture name="Sing Right0003" x="4196" y="696" width="866" height="590" frameX="-33" frameY="-4" frameWidth="933" frameHeight="594" rotated="false"/>
	<SubTexture name="Sing Right0004" x="1545" y="1374" width="870" height="584" frameX="-25" frameY="-10" frameWidth="933" frameHeight="594" rotated="false"/>
	<SubTexture name="Sing Right0005" x="813" y="572" width="871" height="590" frameX="-28" frameY="-4" frameWidth="933" frameHeight="594" rotated="false"/>
	<SubTexture name="Sing Right0006" x="4765" y="1" width="875" height="594" frameX="-21" frameY="0" frameWidth="933" frameHeight="594" rotated="false"/>
	<SubTexture name="Sing Right0007" x="2445" y="696" width="875" height="587" frameX="-24" frameY="-7" frameWidth="933" frameHeight="594" rotated="false"/>
	<SubTexture name="Sing Right0008" x="4196" y="696" width="866" height="590" frameX="-33" frameY="-4" frameWidth="933" frameHeight="594" rotated="false"/>
	<SubTexture name="Sing Right0009" x="1545" y="1374" width="870" height="584" frameX="-25" frameY="-10" frameWidth="933" frameHeight="594" rotated="false"/>
	<SubTexture name="Sing Right0010" x="813" y="572" width="871" height="590" frameX="-28" frameY="-4" frameWidth="933" frameHeight="594" rotated="false"/>
	<SubTexture name="Sing Right0011" x="4765" y="1" width="875" height="594" frameX="-21" frameY="0" frameWidth="933" frameHeight="594" rotated="false"/>
	<SubTexture name="Sing Right0012" x="2445" y="696" width="875" height="587" frameX="-24" frameY="-7" frameWidth="933" frameHeight="594" rotated="false"/>
	<SubTexture name="Sing Right0013" x="4196" y="696" width="866" height="590" frameX="-33" frameY="-4" frameWidth="933" frameHeight="594" rotated="false"/>
	<SubTexture name="Sing Right0014" x="1545" y="1374" width="870" height="584" frameX="-25" frameY="-10" frameWidth="933" frameHeight="594" rotated="false"/>
	<SubTexture name="Sing Right0015" x="813" y="572" width="871" height="590" frameX="-28" frameY="-4" frameWidth="933" frameHeight="594" rotated="false"/>
	<SubTexture name="Sing Right0016" x="4765" y="1" width="875" height="594" frameX="-21" frameY="0" frameWidth="933" frameHeight="594" rotated="false"/>
	<SubTexture name="Sing Right0017" x="2445" y="696" width="875" height="587" frameX="-24" frameY="-7" frameWidth="933" frameHeight="594" rotated="false"/>
	<SubTexture name="Sing Right0018" x="4196" y="696" width="866" height="590" frameX="-33" frameY="-4" frameWidth="933" frameHeight="594" rotated="false"/>
	<SubTexture name="Sing Right0019" x="1545" y="1374" width="870" height="584" frameX="-25" frameY="-10" frameWidth="933" frameHeight="594" rotated="false"/>
	<SubTexture name="Sing Right0020" x="813" y="572" width="871" height="590" frameX="-28" frameY="-4" frameWidth="933" frameHeight="594" rotated="false"/>
	<SubTexture name="Sing Right0021" x="4765" y="1" width="875" height="594" frameX="-21" frameY="0" frameWidth="933" frameHeight="594" rotated="false"/>
	<SubTexture name="Sing Right Held0000" x="2445" y="696" width="875" height="587" frameX="-3" frameY="-7" frameWidth="933" frameHeight="594" rotated="false"/>
	<SubTexture name="Sing Right Held0001" x="4196" y="696" width="866" height="590" frameX="-12" frameY="-4" frameWidth="933" frameHeight="594" rotated="false"/>
	<SubTexture name="Sing Right Held0002" x="1545" y="1374" width="870" height="584" frameX="-4" frameY="-10" frameWidth="933" frameHeight="594" rotated="false"/>
	<SubTexture name="Sing Right Held0003" x="813" y="572" width="871" height="590" frameX="-7" frameY="-4" frameWidth="933" frameHeight="594" rotated="false"/>
	<SubTexture name="Sing Right Held0004" x="1" y="2728" width="875" height="594" frameX="0" frameY="0" frameWidth="878" frameHeight="594" rotated="false"/>
	<SubTexture name="Sing Up0000" x="5134" y="1899" width="586" height="679" frameX="-35" frameY="0" frameWidth="621" frameHeight="679" rotated="false"/>
	<SubTexture name="Sing Up0001" x="3909" y="2534" width="590" height="665" frameX="-23" frameY="-14" frameWidth="621" frameHeight="679" rotated="false"/>
	<SubTexture name="Sing Up0002" x="3327" y="2534" width="581" height="676" frameX="-6" frameY="-3" frameWidth="621" frameHeight="679" rotated="false"/>
	<SubTexture name="Sing Up0003" x="5657" y="2579" width="582" height="658" frameX="-12" frameY="-21" frameWidth="621" frameHeight="679" rotated="false"/>
	<SubTexture name="Sing Up0004" x="5077" y="2579" width="579" height="665" frameX="-7" frameY="-14" frameWidth="621" frameHeight="679" rotated="false"/>
	<SubTexture name="Sing Up0005" x="2113" y="2573" width="597" height="669" frameX="0" frameY="-10" frameWidth="621" frameHeight="679" rotated="false"/>
	<SubTexture name="Sing Up0006" x="4500" y="2543" width="576" height="679" frameX="-16" frameY="0" frameWidth="621" frameHeight="679" rotated="false"/>
	<SubTexture name="Sing Up0007" x="3327" y="2534" width="581" height="676" frameX="-6" frameY="-3" frameWidth="621" frameHeight="679" rotated="false"/>
	<SubTexture name="Sing Up0008" x="5657" y="2579" width="582" height="658" frameX="-12" frameY="-21" frameWidth="621" frameHeight="679" rotated="false"/>
	<SubTexture name="Sing Up0009" x="5077" y="2579" width="579" height="665" frameX="-7" frameY="-14" frameWidth="621" frameHeight="679" rotated="false"/>
	<SubTexture name="Sing Up0010" x="2113" y="2573" width="597" height="669" frameX="0" frameY="-10" frameWidth="621" frameHeight="679" rotated="false"/>
	<SubTexture name="Sing Up0011" x="4500" y="2543" width="576" height="679" frameX="-16" frameY="0" frameWidth="621" frameHeight="679" rotated="false"/>
	<SubTexture name="Sing Up0012" x="3327" y="2534" width="581" height="676" frameX="-6" frameY="-3" frameWidth="621" frameHeight="679" rotated="false"/>
	<SubTexture name="Sing Up0013" x="5657" y="2579" width="582" height="658" frameX="-12" frameY="-21" frameWidth="621" frameHeight="679" rotated="false"/>
	<SubTexture name="Sing Up0014" x="5077" y="2579" width="579" height="665" frameX="-7" frameY="-14" frameWidth="621" frameHeight="679" rotated="false"/>
	<SubTexture name="Sing Up0015" x="2113" y="2573" width="597" height="669" frameX="0" frameY="-10" frameWidth="621" frameHeight="679" rotated="false"/>
	<SubTexture name="Sing Up0016" x="4500" y="2543" width="576" height="679" frameX="-16" frameY="0" frameWidth="621" frameHeight="679" rotated="false"/>
	<SubTexture name="Sing Up0017" x="3327" y="2534" width="581" height="676" frameX="-6" frameY="-3" frameWidth="621" frameHeight="679" rotated="false"/>
	<SubTexture name="Sing Up0018" x="5657" y="2579" width="582" height="658" frameX="-12" frameY="-21" frameWidth="621" frameHeight="679" rotated="false"/>
	<SubTexture name="Sing Up0019" x="5077" y="2579" width="579" height="665" frameX="-7" frameY="-14" frameWidth="621" frameHeight="679" rotated="false"/>
	<SubTexture name="Sing Up0020" x="2113" y="2573" width="597" height="669" frameX="0" frameY="-10" frameWidth="621" frameHeight="679" rotated="false"/>
	<SubTexture name="Sing Up0021" x="4500" y="2543" width="576" height="679" frameX="-16" frameY="0" frameWidth="621" frameHeight="679" rotated="false"/>
	<SubTexture name="Sing Up Held0000" x="3327" y="2534" width="581" height="676" frameX="-6" frameY="-3" frameWidth="621" frameHeight="679" rotated="false"/>
	<SubTexture name="Sing Up Held0001" x="5657" y="2579" width="582" height="658" frameX="-12" frameY="-21" frameWidth="621" frameHeight="679" rotated="false"/>
	<SubTexture name="Sing Up Held0002" x="5077" y="2579" width="579" height="665" frameX="-7" frameY="-14" frameWidth="621" frameHeight="679" rotated="false"/>
	<SubTexture name="Sing Up Held0003" x="2113" y="2573" width="597" height="669" frameX="0" frameY="-10" frameWidth="621" frameHeight="679" rotated="false"/>
	<SubTexture name="Sing Up Held0004" x="4500" y="2543" width="576" height="679" frameX="-16" frameY="0" frameWidth="621" frameHeight="679" rotated="false"/>
</TextureAtlas>
