<?xml version="1.0" encoding="utf-8"?>
<TextureAtlas imagePath="NOTE_death.png">
<!-- Created with Kades Custom Converter -->
<SubTexture name="Blue Arrow0000" x="0" y="0" width="343" height="196" frameX="-146" frameY="-59" frameWidth="635" frameHeight="255"/>
<SubTexture name="Blue Arrow0001" x="344" y="0" width="495" height="243" frameX="-70" frameY="-12" frameWidth="635" frameHeight="255"/>
<SubTexture name="Blue Arrow0002" x="840" y="0" width="565" height="249" frameX="-35" frameY="-6" frameWidth="635" frameHeight="255"/>
<SubTexture name="Blue Arrow0003" x="1406" y="0" width="635" height="255" frameX="-0" frameY="-0" frameWidth="635" frameHeight="255"/>
<SubTexture name="Blue Arrow0004" x="2042" y="0" width="565" height="249" frameX="-35" frameY="-6" frameWidth="635" frameHeight="255"/>
<SubTexture name="Blue Arrow0005" x="2608" y="0" width="495" height="243" frameX="-70" frameY="-12" frameWidth="635" frameHeight="255"/>
<SubTexture name="Blue Arrow0006" x="3104" y="0" width="425" height="237" frameX="-105" frameY="-18" frameWidth="635" frameHeight="255"/>
<SubTexture name="Green Arrow0000" x="3530" y="0" width="343" height="196" frameX="-146" frameY="-59" frameWidth="635" frameHeight="255"/>
<SubTexture name="Green Arrow0001" x="0" y="256" width="495" height="243" frameX="-70" frameY="-12" frameWidth="635" frameHeight="255"/>
<SubTexture name="Green Arrow0002" x="496" y="256" width="565" height="249" frameX="-35" frameY="-6" frameWidth="635" frameHeight="255"/>
<SubTexture name="Green Arrow0003" x="1062" y="256" width="635" height="255" frameX="-0" frameY="-0" frameWidth="635" frameHeight="255"/>
<SubTexture name="Green Arrow0004" x="1698" y="256" width="565" height="249" frameX="-35" frameY="-6" frameWidth="635" frameHeight="255"/>
<SubTexture name="Green Arrow0005" x="2264" y="256" width="495" height="243" frameX="-70" frameY="-12" frameWidth="635" frameHeight="255"/>
<SubTexture name="Green Arrow0006" x="2760" y="256" width="425" height="237" frameX="-105" frameY="-18" frameWidth="635" frameHeight="255"/>
<SubTexture name="Purple Arrow0000" x="3186" y="256" width="343" height="201" frameX="-146" frameY="-59" frameWidth="635" frameHeight="260"/>
<SubTexture name="Purple Arrow0001" x="3530" y="256" width="495" height="248" frameX="-70" frameY="-12" frameWidth="635" frameHeight="260"/>
<SubTexture name="Purple Arrow0002" x="0" y="512" width="565" height="254" frameX="-35" frameY="-6" frameWidth="635" frameHeight="260"/>
<SubTexture name="Purple Arrow0003" x="566" y="512" width="635" height="260" frameX="-0" frameY="-0" frameWidth="635" frameHeight="260"/>
<SubTexture name="Purple Arrow0004" x="1202" y="512" width="565" height="254" frameX="-35" frameY="-6" frameWidth="635" frameHeight="260"/>
<SubTexture name="Purple Arrow0005" x="1768" y="512" width="495" height="248" frameX="-70" frameY="-12" frameWidth="635" frameHeight="260"/>
<SubTexture name="Purple Arrow0006" x="2264" y="512" width="425" height="242" frameX="-105" frameY="-18" frameWidth="635" frameHeight="260"/>
<SubTexture name="Red Arrow0000" x="2690" y="512" width="343" height="200" frameX="-146" frameY="-59" frameWidth="635" frameHeight="259"/>
<SubTexture name="Red Arrow0001" x="3034" y="512" width="495" height="247" frameX="-70" frameY="-12" frameWidth="635" frameHeight="259"/>
<SubTexture name="Red Arrow0002" x="3530" y="512" width="565" height="253" frameX="-35" frameY="-6" frameWidth="635" frameHeight="259"/>
<SubTexture name="Red Arrow0003" x="0" y="773" width="635" height="259" frameX="-0" frameY="-0" frameWidth="635" frameHeight="259"/>
<SubTexture name="Red Arrow0004" x="636" y="773" width="565" height="253" frameX="-35" frameY="-6" frameWidth="635" frameHeight="259"/>
<SubTexture name="Red Arrow0005" x="1202" y="773" width="495" height="247" frameX="-70" frameY="-12" frameWidth="635" frameHeight="259"/>
<SubTexture name="Red Arrow0006" x="1698" y="773" width="425" height="241" frameX="-105" frameY="-18" frameWidth="635" frameHeight="259"/>
<SubTexture name="down confirm0000" x="2124" y="773" width="653" height="660" frameX="-0" frameY="-0" frameWidth="653" frameHeight="660"/>
<SubTexture name="down confirm0001" x="2778" y="773" width="653" height="660" frameX="-0" frameY="-0" frameWidth="653" frameHeight="660"/>
<SubTexture name="down confirm0002" x="3432" y="773" width="640" height="645" frameX="-6" frameY="-8" frameWidth="653" frameHeight="660"/>
<SubTexture name="down confirm0003" x="3432" y="773" width="640" height="645" frameX="-6" frameY="-8" frameWidth="653" frameHeight="660"/>
<SubTexture name="left confirm0000" x="0" y="1434" width="660" height="653" frameX="-0" frameY="-0" frameWidth="660" frameHeight="653"/>
<SubTexture name="left confirm0001" x="661" y="1434" width="660" height="653" frameX="-0" frameY="-0" frameWidth="660" frameHeight="653"/>
<SubTexture name="left confirm0002" x="1322" y="1434" width="645" height="640" frameX="-6" frameY="-5" frameWidth="660" frameHeight="653"/>
<SubTexture name="left confirm0003" x="1322" y="1434" width="645" height="640" frameX="-6" frameY="-5" frameWidth="660" frameHeight="653"/>
<SubTexture name="right confirm0000" x="1968" y="1434" width="660" height="653" frameX="-0" frameY="-0" frameWidth="660" frameHeight="653"/>
<SubTexture name="right confirm0001" x="2629" y="1434" width="660" height="653" frameX="-0" frameY="-0" frameWidth="660" frameHeight="653"/>
<SubTexture name="right confirm0002" x="3290" y="1434" width="645" height="640" frameX="-11" frameY="-6" frameWidth="660" frameHeight="653"/>
<SubTexture name="right confirm0003" x="3290" y="1434" width="645" height="640" frameX="-11" frameY="-6" frameWidth="660" frameHeight="653"/>
<SubTexture name="up confirm0000" x="0" y="2088" width="653" height="660" frameX="-0" frameY="-0" frameWidth="653" frameHeight="660"/>
<SubTexture name="up confirm0001" x="654" y="2088" width="653" height="660" frameX="-0" frameY="-0" frameWidth="653" frameHeight="660"/>
<SubTexture name="up confirm0002" x="1308" y="2088" width="640" height="645" frameX="-7" frameY="-6" frameWidth="653" frameHeight="660"/>
<SubTexture name="up confirm0003" x="1308" y="2088" width="640" height="645" frameX="-7" frameY="-6" frameWidth="653" frameHeight="660"/>
</TextureAtlas>